Barcode,Treatment,Depth,Active,Assisted,Repetition,Area,Square,Sample_ID,Soil_class,Taxa_S,Individuals,Dominance_D,Simpson_1-D,Shannon_H,Evenness_e^H/S,Brillouin,Menhinick,Margalef,Equitability_J,Fisher_alpha,Berger-Parker,Chao-1,iChao-1,ACE
a_16S rRNA,a_Sugarcane,0_10,1,1,1,area_1,A,L405,Clay,687,126335,0.0187,0.9813,4.822,0.1808,4.806,1.933,58.4,0.7382,95.58,0.0688,707.6,711.4,711.4
a_16S rRNA,a_Sugarcane,0_10,1,1,2,area_1,A,L406,Clay,725,126335,0.0192,0.9808,4.782,0.1646,4.765,2.04,61.63,0.726,101.8,0.07459,762.1,773,758.2
a_16S rRNA,a_Sugarcane,0_10,1,1,3,area_1,A,L407,Clay,757,126335,0.0198,0.9802,4.776,0.1568,4.759,2.13,64.36,0.7205,107,0.06634,786,794.4,786.8
a_16S rRNA,a_Sugarcane,0_10,1,1,4,area_1,A,L408,Clay,630,126335,0.02157,0.9784,4.702,0.1748,4.687,1.772,53.55,0.7294,86.45,0.083,656.8,664.8,652.2
a_16S rRNA,a_Sugarcane,0_10,1,1,5,area_1,A,L409,Clay,728,126335,0.0209,0.9791,4.748,0.1584,4.731,2.048,61.89,0.7204,102.2,0.08242,769.2,780.6,767.6
a_16S rRNA,a_Sugarcane,0_10,1,1,1,area_1,B,L420,Clay,760,126335,0.01939,0.9806,4.771,0.1553,4.754,2.138,64.61,0.7193,107.5,0.06784,795,805.1,791.7
a_16S rRNA,a_Sugarcane,0_10,1,1,2,area_1,B,L421,Clay,782,126335,0.01841,0.9816,4.811,0.157,4.793,2.2,66.49,0.7221,111.1,0.06431,820.3,831.5,811.5
a_16S rRNA,a_Sugarcane,0_10,1,1,3,area_1,B,L422,Clay,772,126335,0.01974,0.9803,4.75,0.1498,4.733,2.172,65.64,0.7144,109.5,0.06525,794.8,798.4,797.4
a_16S rRNA,a_Sugarcane,0_10,1,1,4,area_1,B,L423,Clay,765,126335,0.01976,0.9802,4.739,0.1494,4.721,2.152,65.04,0.7137,108.3,0.06776,796,804.3,795.6
a_16S rRNA,a_Sugarcane,0_10,1,1,5,area_1,B,L424,Clay,770,126335,0.01743,0.9826,4.874,0.1699,4.856,2.166,65.47,0.7333,109.1,0.06318,789.1,791.8,793.3
a_16S rRNA,a_Sugarcane,0_10,1,1,1,area_2,C,L435,Clay,768,126335,0.01708,0.9829,4.874,0.1704,4.856,2.161,65.29,0.7336,108.8,0.05849,794.2,801.8,795.9
a_16S rRNA,a_Sugarcane,0_10,1,1,2,area_2,C,L436,Clay Loam,750,126335,0.01814,0.9819,4.83,0.167,4.812,2.11,63.76,0.7296,105.8,0.05496,783.2,791.4,779.6
a_16S rRNA,a_Sugarcane,0_10,1,1,3,area_2,C,L437,Clay Loam,763,126335,0.01825,0.9818,4.843,0.1663,4.825,2.147,64.87,0.7297,108,0.05599,795.6,805.3,790.6
a_16S rRNA,a_Sugarcane,0_10,1,1,4,area_2,C,L438,Clay,820,126335,0.01774,0.9823,4.875,0.1598,4.856,2.307,69.72,0.7266,117.5,0.0591,865.3,878.4,857.3
a_16S rRNA,a_Sugarcane,0_10,1,1,5,area_2,C,L439,Clay,773,126335,0.01987,0.9801,4.782,0.1545,4.765,2.175,65.72,0.7191,109.6,0.05971,815.8,827.8,810.1
a_16S rRNA,b_Pasture,0_10,2,2,1,area_3,D,L450,Clay Loam,639,126335,0.0285,0.9715,4.457,0.1349,4.442,1.798,54.31,0.6899,87.88,0.1155,673,683.5,664.3
a_16S rRNA,b_Pasture,0_10,2,2,2,area_3,D,L451,Clay Loam,571,126335,0.03864,0.9614,4.251,0.1228,4.237,1.606,48.52,0.6697,77.15,0.1479,617.1,629.7,609.8
a_16S rRNA,b_Pasture,0_10,2,2,3,area_3,D,L452,Clay,528,126335,0.03327,0.9667,4.228,0.1299,4.216,1.485,44.86,0.6744,70.48,0.09284,548.1,554,551.5
a_16S rRNA,b_Pasture,0_10,2,2,4,area_3,D,L453,Clay,617,126335,0.02831,0.9717,4.42,0.1346,4.405,1.736,52.44,0.6879,84.38,0.1022,656.4,667.9,650.2
a_16S rRNA,b_Pasture,0_10,2,2,5,area_3,D,L454,Clay,621,126335,0.02711,0.9729,4.405,0.1319,4.391,1.747,52.78,0.685,85.02,0.08181,650.6,659.4,651.8
a_16S rRNA,b_Pasture,0_10,2,2,1,area_3,E,L465,Sandy Clay Loam,535,126335,0.03989,0.9601,4.164,0.1203,4.152,1.505,45.46,0.6628,71.55,0.1415,563.8,572.5,564.1
a_16S rRNA,b_Pasture,0_10,2,2,2,area_3,E,L466,Clay,609,126335,0.03489,0.9651,4.299,0.121,4.286,1.713,51.76,0.6706,83.12,0.1394,653.2,666.2,641.6
a_16S rRNA,b_Pasture,0_10,2,2,3,area_3,E,L467,Sandy Clay Loam,648,126335,0.03669,0.9633,4.395,0.1251,4.38,1.823,55.08,0.6789,89.31,0.1496,668.6,673.7,668.9
a_16S rRNA,b_Pasture,0_10,2,2,4,area_3,E,L468,Clay Loam,526,126335,0.05318,0.9468,4.049,0.109,4.036,1.48,44.69,0.6462,70.17,0.1921,547,552.9,548.3
a_16S rRNA,b_Pasture,0_10,2,2,5,area_3,E,L469,Clay Loam,655,126335,0.0294,0.9706,4.452,0.1309,4.436,1.843,55.68,0.6865,90.43,0.09882,670.4,675.2,671.4
a_16S rRNA,b_Pasture,0_10,2,2,1,area_3,F,L480,Clay,566,126335,0.02836,0.9716,4.365,0.1389,4.351,1.592,48.1,0.6886,76.36,0.1013,582.5,586.9,583.9
a_16S rRNA,b_Pasture,0_10,2,2,2,area_3,F,L481,Clay,627,126335,0.02708,0.9729,4.419,0.1324,4.405,1.764,53.29,0.6861,85.97,0.1025,651.5,658.8,651.5
a_16S rRNA,b_Pasture,0_10,2,2,3,area_3,F,L482,Clay,581,126335,0.03371,0.9663,4.24,0.1194,4.226,1.635,49.38,0.6661,78.71,0.105,611,619.9,608.8
a_16S rRNA,b_Pasture,0_10,2,2,4,area_3,F,L483,Clay,592,126335,0.02038,0.9796,4.62,0.1714,4.606,1.666,50.31,0.7237,80.44,0.0802,622.6,631.8,619.8
a_16S rRNA,b_Pasture,0_10,2,2,5,area_3,F,L484,Clay,533,126335,0.03088,0.9691,4.299,0.1382,4.287,1.5,45.29,0.6847,71.25,0.1129,556.5,562.7,557.5
a_16S rRNA,c_Active_< 8,0_10,1,1,1,area_4,G,L001,Clay,739,126335,0.02096,0.979,4.73,0.1533,4.713,2.079,62.83,0.7161,104,0.0817,757.3,762.1,760.5
a_16S rRNA,c_Active_< 8,0_10,1,1,2,area_4,G,L002,Clay,699,126335,0.02419,0.9758,4.604,0.1429,4.588,1.967,59.42,0.703,97.53,0.08563,725,732.8,723.2
a_16S rRNA,c_Active_< 8,0_10,1,1,3,area_4,G,L003,Clay,746,126335,0.02268,0.9773,4.669,0.1429,4.652,2.099,63.42,0.7059,105.2,0.08299,781.6,792.2,775.2
a_16S rRNA,c_Active_< 8,0_10,1,1,4,area_4,G,L495,Clay,710,126335,0.02366,0.9763,4.611,0.1417,4.595,1.998,60.36,0.7024,99.31,0.08436,728.7,731.8,736.5
a_16S rRNA,c_Active_< 8,0_10,1,1,5,area_4,G,L004,Clay,708,126335,0.02265,0.9774,4.641,0.1464,4.624,1.992,60.19,0.7072,98.99,0.07775,739.8,749,738.1
a_16S rRNA,c_Active_< 8,0_10,1,1,1,area_4,H,L015,Clay,720,126335,0.02001,0.98,4.778,0.1651,4.761,2.026,61.21,0.7262,100.9,0.06379,752.3,762.2,746
a_16S rRNA,c_Active_< 8,0_10,1,1,2,area_4,H,L016,Clay,671,126335,0.02454,0.9755,4.578,0.145,4.562,1.888,57.04,0.7033,93,0.08626,698.8,707.3,696.1
a_16S rRNA,c_Active_< 8,0_10,1,1,3,area_4,H,L017,Clay,721,126335,0.02119,0.9788,4.703,0.153,4.686,2.028,61.29,0.7147,101.1,0.08354,778.2,793.1,759.2
a_16S rRNA,c_Active_< 8,0_10,1,1,4,area_4,H,L018,Clay,730,126335,0.02072,0.9793,4.712,0.1524,4.695,2.054,62.06,0.7147,102.6,0.07734,761.6,770.3,759.2
a_16S rRNA,c_Active_< 8,0_10,1,1,5,area_4,H,L019,Clay,747,126335,0.02061,0.9794,4.734,0.1523,4.717,2.102,63.51,0.7156,105.4,0.07243,781.2,790.1,774.4
a_16S rRNA,c_Active_< 8,0_10,1,1,1,area_4,I,L030,Clay,726,126335,0.02179,0.9782,4.683,0.1489,4.666,2.043,61.72,0.7109,101.9,0.08281,747.5,752.6,745.3
a_16S rRNA,c_Active_< 8,0_10,1,1,2,area_4,I,L031,Clay,655,126335,0.02526,0.9747,4.52,0.1401,4.504,1.843,55.68,0.697,90.43,0.08761,681.5,686.1,683
a_16S rRNA,c_Active_< 8,0_10,1,1,3,area_4,I,L032,Clay,702,126335,0.02224,0.9778,4.638,0.1472,4.622,1.975,59.68,0.7077,98.01,0.08133,729,737,732.2
a_16S rRNA,c_Active_< 8,0_10,1,1,4,area_4,I,L033,Clay,739,126335,0.02367,0.9763,4.599,0.1345,4.582,2.079,62.83,0.6962,104,0.08618,765.2,768.8,766.8
a_16S rRNA,c_Active_< 8,0_10,1,1,5,area_4,I,L034,Clay,727,126335,0.02079,0.9792,4.724,0.1549,4.707,2.045,61.8,0.7169,102.1,0.07804,760.9,770.9,760.9
a_16S rRNA,d_Active_8_16,0_10,1,1,1,area_5,J,L045,Clay Loam,623,126335,0.0267,0.9733,4.41,0.1321,4.396,1.753,52.95,0.6854,85.33,0.07064,656.5,665.7,653.9
a_16S rRNA,d_Active_8_16,0_10,1,1,2,area_5,J,L046,Clay,651,126335,0.02454,0.9755,4.593,0.1517,4.577,1.832,55.33,0.7089,89.79,0.06655,675.6,681.1,681.1
a_16S rRNA,d_Active_8_16,0_10,1,1,3,area_5,J,L047,Clay Loam,608,126335,0.02785,0.9722,4.398,0.1338,4.384,1.711,51.67,0.6862,82.96,0.07653,635.7,644.1,634.3
a_16S rRNA,d_Active_8_16,0_10,1,1,4,area_5,J,L048,Clay Loam,624,126335,0.02552,0.9745,4.53,0.1486,4.515,1.756,53.04,0.7038,85.49,0.07519,647.9,654.9,641.6
a_16S rRNA,d_Active_8_16,0_10,1,1,5,area_5,J,L049,Clay,722,126335,0.02412,0.9759,4.58,0.135,4.563,2.031,61.38,0.6958,101.3,0.06802,771.6,785.9,765
a_16S rRNA,d_Active_8_16,0_10,1,1,1,area_6,K,L060,Clay,658,126335,0.0262,0.9738,4.545,0.1431,4.53,1.851,55.93,0.7004,90.92,0.08393,682.6,690.1,680.5
a_16S rRNA,d_Active_8_16,0_10,1,1,2,area_6,K,L061,Clay,768,126335,0.0223,0.9777,4.698,0.1429,4.68,2.161,65.29,0.7071,108.8,0.06733,808.9,820.4,804.4
a_16S rRNA,d_Active_8_16,0_10,1,1,3,area_6,K,L062,Clay,677,126335,0.02525,0.9747,4.562,0.1414,4.546,1.905,57.55,0.6999,93.97,0.07954,705.1,713.2,703.4
a_16S rRNA,d_Active_8_16,0_10,1,1,4,area_6,K,L063,Clay,656,126335,0.02382,0.9762,4.593,0.1506,4.578,1.846,55.76,0.7082,90.6,0.08425,703,717,696.4
a_16S rRNA,d_Active_8_16,0_10,1,1,5,area_6,K,L064,Clay,679,126335,0.02569,0.9743,4.522,0.1355,4.506,1.91,57.72,0.6935,94.29,0.07965,700.6,707,703.3
a_16S rRNA,d_Active_8_16,0_10,1,1,1,area_6,L,L075,Clay,718,126335,0.02136,0.9786,4.706,0.1541,4.689,2.02,61.04,0.7156,100.6,0.06849,755.2,766.2,747.3
a_16S rRNA,d_Active_8_16,0_10,1,1,2,area_6,L,L076,Clay,632,126335,0.02729,0.9727,4.415,0.1308,4.401,1.778,53.72,0.6846,86.76,0.06534,667.2,677.5,665.8
a_16S rRNA,d_Active_8_16,0_10,1,1,3,area_6,L,L077,Clay,632,126335,0.02523,0.9748,4.56,0.1513,4.545,1.778,53.72,0.7071,86.76,0.08536,663.1,667.9,661.6
a_16S rRNA,d_Active_8_16,0_10,1,1,4,area_6,L,L078,Clay,706,126335,0.02391,0.9761,4.64,0.1466,4.623,1.986,60.02,0.7073,98.66,0.08101,732.5,740.1,731.2
a_16S rRNA,d_Active_8_16,0_10,1,1,5,area_6,L,L079,Clay,695,126335,0.02231,0.9777,4.666,0.1528,4.649,1.955,59.08,0.713,96.88,0.06265,711.4,715.7,716.3
a_16S rRNA,e_Active_>16,0_10,1,1,1,area_7,M,L090,Sandy Clay Loam,662,126335,0.0232,0.9768,4.674,0.1617,4.658,1.862,56.27,0.7195,91.56,0.0768,675.7,679.1,677.9
a_16S rRNA,e_Active_>16,0_10,1,1,2,area_7,M,L091,Sandy Clay Loam,663,126335,0.02145,0.9785,4.737,0.1721,4.721,1.865,56.36,0.7292,91.72,0.07295,682.5,688.6,679.9
a_16S rRNA,e_Active_>16,0_10,1,1,3,area_7,M,L092,Sandy Clay Loam,748,126335,0.01913,0.9809,4.859,0.1723,4.841,2.104,63.59,0.7343,105.5,0.07458,777,785.6,777.6
a_16S rRNA,e_Active_>16,0_10,1,1,4,area_7,M,L093,Sandy Clay Loam,682,126335,0.02281,0.9772,4.732,0.1665,4.716,1.919,57.97,0.7253,94.78,0.08089,704,710.5,705.5
a_16S rRNA,e_Active_>16,0_10,1,1,5,area_7,M,L094,Sandy Loam,673,126335,0.02284,0.9772,4.687,0.1612,4.671,1.893,57.21,0.7198,93.33,0.08435,695.3,701,699.3
a_16S rRNA,e_Active_>16,0_10,1,1,1,area_8,N,L105,Clay,630,126335,0.03225,0.9677,4.304,0.1175,4.29,1.772,53.55,0.6677,86.45,0.07606,667.8,678.4,665.6
a_16S rRNA,e_Active_>16,0_10,1,1,2,area_8,N,L106,Clay,562,126335,0.03769,0.9623,4.119,0.1094,4.106,1.581,47.76,0.6505,75.74,0.09081,602.7,614.8,599.7
a_16S rRNA,e_Active_>16,0_10,1,1,3,area_8,N,L107,Clay,555,126335,0.0398,0.9602,4.077,0.1062,4.064,1.561,47.16,0.6452,74.65,0.1151,583.6,591.4,586.1
a_16S rRNA,e_Active_>16,0_10,1,1,4,area_8,N,L108,Clay,544,126335,0.03779,0.9622,4.132,0.1145,4.12,1.531,46.23,0.656,72.95,0.0902,568.5,575.5,570.1
a_16S rRNA,e_Active_>16,0_10,1,1,5,area_8,N,L109,Clay,552,126335,0.03929,0.9607,4.089,0.1081,4.076,1.553,46.91,0.6477,74.19,0.08914,576.5,583.8,581
a_16S rRNA,e_Active_>16,0_10,1,1,1,area_8,O,L120,Clay,544,126335,0.04618,0.9538,4.08,0.1087,4.068,1.531,46.23,0.6477,72.95,0.1614,581.2,591.9,582.3
a_16S rRNA,e_Active_>16,0_10,1,1,2,area_8,O,L121,Clay,582,126335,0.03548,0.9645,4.231,0.1182,4.218,1.637,49.46,0.6645,78.87,0.1153,600.3,604.9,605.4
a_16S rRNA,e_Active_>16,0_10,1,1,3,area_8,O,L122,Clay Loam,584,126335,0.03451,0.9655,4.299,0.1261,4.286,1.643,49.63,0.675,79.18,0.1296,608.1,615.3,614.5
a_16S rRNA,e_Active_>16,0_10,1,1,4,area_8,O,L123,Clay,589,126335,0.03733,0.9627,4.192,0.1123,4.179,1.657,50.06,0.6573,79.96,0.1268,647.6,665.1,633.2
a_16S rRNA,e_Active_>16,0_10,1,1,5,area_8,O,L124,Clay Loam,621,126335,0.0316,0.9684,4.379,0.1284,4.364,1.747,52.78,0.6809,85.02,0.09494,650.4,658.9,644.8
a_16S rRNA,f_Assisted_< 8,0_10,2,2,1,area_9,P,L135,Clay Loam,642,126335,0.02054,0.9795,4.656,0.1639,4.641,1.806,54.57,0.7203,88.36,0.0683,671.9,681,667.5
a_16S rRNA,f_Assisted_< 8,0_10,2,2,2,area_9,P,L136,Clay Loam,692,126335,0.02177,0.9782,4.717,0.1615,4.7,1.947,58.83,0.7212,96.39,0.07084,715.5,722.6,716.5
a_16S rRNA,f_Assisted_< 8,0_10,2,2,3,area_9,P,L137,Clay Loam,587,126335,0.02585,0.9741,4.486,0.1512,4.472,1.651,49.89,0.7036,79.65,0.08006,617.6,627,613.1
a_16S rRNA,f_Assisted_< 8,0_10,2,2,4,area_9,P,L138,Sandy Clay Loam,708,126335,0.02134,0.9787,4.677,0.1518,4.661,1.992,60.19,0.7127,98.99,0.06446,749.6,761.4,742.8
a_16S rRNA,f_Assisted_< 8,0_10,2,2,5,area_9,P,L139,Clay Loam,655,126335,0.02357,0.9764,4.579,0.1487,4.564,1.843,55.68,0.7061,90.43,0.07196,684.5,693,688.6
a_16S rRNA,f_Assisted_< 8,0_10,2,2,1,area_9,Q,L150,Clay Loam,598,126335,0.02819,0.9718,4.437,0.1413,4.423,1.682,50.82,0.6939,81.38,0.09719,632.2,642.4,631.3
a_16S rRNA,f_Assisted_< 8,0_10,2,2,2,area_9,Q,L151,Clay Loam,664,126335,0.02309,0.9769,4.664,0.1597,4.649,1.868,56.44,0.7177,91.88,0.08804,685.5,687.7,690.8
a_16S rRNA,f_Assisted_< 8,0_10,2,2,3,area_9,Q,L152,Clay Loam,621,126335,0.02719,0.9728,4.476,0.1416,4.462,1.747,52.78,0.696,85.02,0.08328,661.9,674.2,648.5
a_16S rRNA,f_Assisted_< 8,0_10,2,2,4,area_9,Q,L153,Clay Loam,573,126335,0.0344,0.9656,4.283,0.1265,4.27,1.612,48.69,0.6744,77.46,0.1021,613.9,626.5,601.6
a_16S rRNA,f_Assisted_< 8,0_10,2,2,5,area_9,Q,L154,Loam,651,126335,0.03881,0.9612,4.309,0.1143,4.294,1.832,55.33,0.6652,89.79,0.1354,685.5,695.5,677.9
a_16S rRNA,f_Assisted_< 8,0_10,2,2,1,area_9,R,L165,Loam,585,126335,0.02815,0.9718,4.398,0.1389,4.384,1.646,49.72,0.6902,79.34,0.08314,626.2,637.1,621
a_16S rRNA,f_Assisted_< 8,0_10,2,2,2,area_9,R,L166,Loam,636,126335,0.02544,0.9746,4.478,0.1384,4.463,1.789,54.06,0.6936,87.4,0.08112,681.1,694.3,676.2
a_16S rRNA,f_Assisted_< 8,0_10,2,2,3,area_9,R,L167,Loam,658,126335,0.02711,0.9729,4.459,0.1313,4.444,1.851,55.93,0.6871,90.92,0.07896,695.3,706.2,695.8
a_16S rRNA,f_Assisted_< 8,0_10,2,2,4,area_9,R,L168,Clay Loam,605,126335,0.02403,0.976,4.506,0.1496,4.492,1.702,51.42,0.7034,82.48,0.06663,633.3,641.5,631.8
a_16S rRNA,f_Assisted_< 8,0_10,2,2,5,area_9,R,L169,Clay Loam,665,126335,0.02312,0.9769,4.544,0.1414,4.528,1.871,56.53,0.699,92.04,0.05749,703.3,714.1,699.7
a_16S rRNA,g_Assisted_8_16,0_10,2,2,1,area_10,S,L180,Clay Loam,730,126335,0.02023,0.9798,4.732,0.1555,4.715,2.054,62.06,0.7177,102.6,0.06944,760.2,769.2,757.9
a_16S rRNA,g_Assisted_8_16,0_10,2,2,2,area_10,S,L181,Clay Loam,677,126335,0.0229,0.9771,4.656,0.1555,4.641,1.905,57.55,0.7144,93.97,0.08835,705.1,712.8,706.2
a_16S rRNA,g_Assisted_8_16,0_10,2,2,3,area_10,S,L182,Clay Loam,613,126335,0.03087,0.9691,4.317,0.1223,4.303,1.725,52.1,0.6726,83.75,0.07304,647.1,657.4,640
a_16S rRNA,g_Assisted_8_16,0_10,2,2,4,area_10,S,L183,Clay Loam,602,126335,0.02902,0.971,4.363,0.1304,4.349,1.694,51.16,0.6817,82.01,0.0893,649.5,663,635.5
a_16S rRNA,g_Assisted_8_16,0_10,2,2,5,area_10,S,L184,Clay Loam,626,126335,0.02715,0.9728,4.428,0.1338,4.414,1.761,53.21,0.6877,85.81,0.07528,664.9,676.6,659.1
a_16S rRNA,g_Assisted_8_16,0_10,2,2,1,area_11,T,L195,Clay Loam,551,126335,0.02632,0.9737,4.434,0.1529,4.421,1.55,46.82,0.7025,74.03,0.07358,584.1,592.8,584.3
a_16S rRNA,g_Assisted_8_16,0_10,2,2,2,area_11,T,L196,Clay Loam,655,126335,0.02396,0.976,4.549,0.1443,4.534,1.843,55.68,0.7015,90.43,0.07089,706.1,718.7,692.8
a_16S rRNA,g_Assisted_8_16,0_10,2,2,3,area_11,T,L197,Clay Loam,584,126335,0.0282,0.9718,4.444,0.1457,4.43,1.643,49.63,0.6976,79.18,0.09609,619.6,629.1,609.8
a_16S rRNA,g_Assisted_8_16,0_10,2,2,4,area_11,T,L198,Clay Loam,616,126335,0.02688,0.9731,4.433,0.1366,4.418,1.733,52.36,0.6901,84.22,0.07006,654.7,666.3,642.8
a_16S rRNA,g_Assisted_8_16,0_10,2,2,5,area_11,T,L199,Clay Loam,608,126335,0.02797,0.972,4.421,0.1368,4.407,1.711,51.67,0.6897,82.96,0.07389,636.4,645.3,631.1
a_16S rRNA,g_Assisted_8_16,0_10,2,2,1,area_11,U,L210,Sandy Clay Loam,591,126335,0.03728,0.9627,4.19,0.1117,4.176,1.663,50.23,0.6566,80.28,0.1056,610.1,614.5,608.4
a_16S rRNA,g_Assisted_8_16,0_10,2,2,3,area_11,U,L212,Sandy Clay Loam,618,126335,0.04206,0.9579,4.205,0.1085,4.191,1.739,52.53,0.6544,84.54,0.1379,633.9,638,636.4
a_16S rRNA,g_Assisted_8_16,0_10,2,2,4,area_11,U,L213,Sandy Clay Loam,688,126335,0.03474,0.9653,4.378,0.1159,4.363,1.936,58.48,0.6701,95.74,0.1037,705.6,710.7,706.2
a_16S rRNA,g_Assisted_8_16,0_10,2,2,5,area_11,U,L214,Clay Loam,612,126335,0.05063,0.9494,4.093,0.09796,4.079,1.722,52.01,0.6379,83.59,0.1665,631.2,635.8,632.3
a_16S rRNA,h_Assisted_>16,0_10,2,2,1,area_12,V,L315,Clay,737,126335,0.02453,0.9755,4.554,0.1289,4.538,2.074,62.66,0.6898,103.7,0.06497,773.2,783.4,774
a_16S rRNA,h_Assisted_>16,0_10,2,2,2,area_12,V,L316,Clay Loam,685,126335,0.02271,0.9773,4.613,0.1472,4.597,1.927,58.23,0.7066,95.26,0.05962,709.1,716.2,710.9
a_16S rRNA,h_Assisted_>16,0_10,2,2,3,area_12,V,L317,Clay,709,126335,0.02381,0.9762,4.601,0.1404,4.584,1.995,60.27,0.7009,99.15,0.08184,746.3,756,743.2
a_16S rRNA,h_Assisted_>16,0_10,2,2,4,area_12,V,L318,Clay,695,126335,0.02103,0.979,4.718,0.1611,4.702,1.955,59.08,0.721,96.88,0.06516,714.1,719.2,713.5
a_16S rRNA,h_Assisted_>16,0_10,2,2,5,area_12,V,L319,Clay,798,126335,0.02294,0.9771,4.753,0.1453,4.735,2.245,67.85,0.7113,113.8,0.07674,843,855.6,841.4
a_16S rRNA,h_Assisted_>16,0_10,2,2,1,area_12,W,L330,Clay,732,126335,0.02176,0.9782,4.663,0.1447,4.646,2.059,62.23,0.7069,102.9,0.08082,767.5,777.4,758.5
a_16S rRNA,h_Assisted_>16,0_10,2,2,2,area_12,W,L331,Clay,699,126335,0.02444,0.9756,4.577,0.1391,4.561,1.967,59.42,0.6989,97.53,0.07591,727.6,735.1,725.8
a_16S rRNA,h_Assisted_>16,0_10,2,2,3,area_12,W,L332,Clay,579,126335,0.03322,0.9668,4.168,0.1115,4.155,1.629,49.21,0.6552,78.4,0.07575,606.2,612.8,604.1
a_16S rRNA,h_Assisted_>16,0_10,2,2,4,area_12,W,L333,Clay,639,126335,0.02996,0.97,4.384,0.1255,4.37,1.798,54.31,0.6787,87.88,0.09387,667.6,675.6,666.9
a_16S rRNA,h_Assisted_>16,0_10,2,2,5,area_12,W,L334,Clay,724,126335,0.02313,0.9769,4.624,0.1408,4.608,2.037,61.55,0.7023,101.6,0.07068,771,784.3,767.9
a_16S rRNA,h_Assisted_>16,0_10,2,2,1,area_12,X,L345,Clay,765,126335,0.02109,0.9789,4.677,0.1405,4.66,2.152,65.04,0.7044,108.3,0.06396,800.1,810.1,798.3
a_16S rRNA,h_Assisted_>16,0_10,2,2,2,area_12,X,L346,Clay,697,126335,0.02491,0.9751,4.569,0.1384,4.553,1.961,59.25,0.6979,97.2,0.0724,731.3,740.3,730.4
a_16S rRNA,h_Assisted_>16,0_10,2,2,3,area_12,X,L347,Clay,760,126335,0.02202,0.978,4.696,0.1441,4.679,2.138,64.61,0.708,107.5,0.0714,789,794.9,788.2
a_16S rRNA,h_Assisted_>16,0_10,2,2,4,area_12,X,L348,Clay,716,126335,0.02456,0.9754,4.591,0.1376,4.574,2.014,60.87,0.6983,100.3,0.07658,736.6,742,741.2
a_16S rRNA,h_Assisted_>16,0_10,2,2,5,area_12,X,L349,Clay,749,126335,0.02396,0.976,4.666,0.1418,4.648,2.107,63.68,0.7049,105.7,0.09219,785.2,795.7,780.6
a_16S rRNA,i_Secondary_Forest,0_10,1,2,1,area_13,Y,L270,Clay,677,126335,0.022,0.978,4.622,0.1502,4.606,1.905,57.55,0.7092,93.97,0.06974,711.2,719.7,709.9
a_16S rRNA,i_Secondary_Forest,0_10,1,2,2,area_13,Y,L271,Clay,617,126335,0.03117,0.9688,4.328,0.1229,4.314,1.736,52.44,0.6737,84.38,0.1025,635.2,638.4,637.4
a_16S rRNA,i_Secondary_Forest,0_10,1,2,3,area_13,Y,L272,Clay,623,126335,0.02803,0.972,4.389,0.1293,4.374,1.753,52.95,0.682,85.33,0.08805,651.6,658.4,654.3
a_16S rRNA,i_Secondary_Forest,0_10,1,2,4,area_13,Y,L273,Clay,693,126335,0.02245,0.9776,4.6,0.1436,4.584,1.95,58.91,0.7033,96.55,0.06066,735.4,747.2,735.6
a_16S rRNA,i_Secondary_Forest,0_10,1,2,5,area_13,Y,L274,Clay,609,126335,0.02896,0.971,4.386,0.1318,4.372,1.713,51.76,0.684,83.12,0.1002,629.6,634.1,630.3
a_16S rRNA,i_Secondary_Forest,0_10,1,2,1,area_13,Z,L285,Clay,627,126335,0.02671,0.9733,4.451,0.1367,4.437,1.764,53.29,0.6911,85.97,0.07233,647.7,651.9,651.3
a_16S rRNA,i_Secondary_Forest,0_10,1,2,2,area_13,Z,L286,Clay,667,126335,0.02553,0.9745,4.479,0.1321,4.463,1.877,56.7,0.6887,92.36,0.07734,691.3,697.5,695.1
a_16S rRNA,i_Secondary_Forest,0_10,1,2,3,area_13,Z,L287,Clay,647,126335,0.0292,0.9708,4.408,0.1269,4.393,1.82,54.99,0.6811,89.16,0.08009,675.5,683.6,681.4
a_16S rRNA,i_Secondary_Forest,0_10,1,2,4,area_13,Z,L288,Clay,624,126335,0.02641,0.9736,4.464,0.1392,4.45,1.756,53.04,0.6936,85.49,0.08333,674.6,689.3,657.8
a_16S rRNA,i_Secondary_Forest,0_10,1,2,5,area_13,Z,L289,Clay,646,126335,0.02864,0.9714,4.376,0.1231,4.362,1.817,54.91,0.6763,89,0.06976,676.5,684.9,681.1
a_16S rRNA,i_Secondary_Forest,0_10,1,2,1,area_13,AA,L300,Clay,711,126335,0.02215,0.9778,4.627,0.1438,4.611,2,60.44,0.7047,99.47,0.06886,742.6,748.4,744.4
a_16S rRNA,i_Secondary_Forest,0_10,1,2,2,area_13,AA,L301,Clay,612,126335,0.03049,0.9695,4.344,0.1259,4.33,1.722,52.01,0.677,83.59,0.09466,642.6,644.5,646.9
a_16S rRNA,i_Secondary_Forest,0_10,1,2,3,area_13,AA,L302,Clay,657,126335,0.02471,0.9753,4.549,0.1439,4.534,1.848,55.85,0.7012,90.76,0.08279,679.3,685.9,683.9
a_16S rRNA,i_Secondary_Forest,0_10,1,2,4,area_13,AA,L303,Clay,667,126335,0.02756,0.9724,4.474,0.1315,4.458,1.877,56.7,0.688,92.36,0.08273,690.1,695.6,691.1
a_16S rRNA,i_Secondary_Forest,0_10,1,2,5,area_13,AA,L304,Clay,642,126335,0.02836,0.9716,4.384,0.1249,4.37,1.806,54.57,0.6782,88.36,0.07378,687.8,701.2,678.5
a_16S rRNA,k_Native_Reference_1,0_10,1,2,1,area_14,BB,L360,Loam,567,126335,0.03463,0.9654,4.215,0.1193,4.201,1.595,48.18,0.6647,76.52,0.09609,595.4,604.3,589.9
a_16S rRNA,k_Native_Reference_1,0_10,1,2,2,area_14,BB,L361,Loam,591,126335,0.03229,0.9677,4.313,0.1264,4.3,1.663,50.23,0.6759,80.28,0.0926,614.5,618.7,617.4
a_16S rRNA,k_Native_Reference_1,0_10,1,2,3,area_14,BB,L362,Loam,581,126335,0.04441,0.9556,4.054,0.09922,4.041,1.635,49.38,0.637,78.71,0.1348,601.6,602.5,602.8
a_16S rRNA,k_Native_Reference_1,0_10,1,2,4,area_14,BB,L363,Loam,562,126335,0.03252,0.9675,4.269,0.1271,4.255,1.581,47.76,0.6742,75.74,0.08992,586.6,589.8,586.1
a_16S rRNA,k_Native_Reference_1,0_10,1,2,5,area_14,BB,L364,Loam,659,126335,0.03712,0.9629,4.353,0.118,4.338,1.854,56.02,0.6707,91.08,0.1421,692.5,702.5,691.4
a_16S rRNA,k_Native_Reference_1,0_10,1,2,1,area_14,CC,L375,Loam,591,126335,0.02839,0.9716,4.416,0.1401,4.402,1.663,50.23,0.692,80.28,0.09066,623.2,631.3,615.6
a_16S rRNA,k_Native_Reference_1,0_10,1,2,2,area_14,CC,L376,Loam,612,126335,0.031,0.969,4.346,0.1261,4.332,1.722,52.01,0.6773,83.59,0.0842,629.7,634.6,633.9
a_16S rRNA,k_Native_Reference_1,0_10,1,2,3,area_14,CC,L377,Loam,668,126335,0.0358,0.9642,4.315,0.112,4.3,1.879,56.78,0.6634,92.52,0.1227,691.6,696.7,692.3
a_16S rRNA,k_Native_Reference_1,0_10,1,2,4,area_14,CC,L378,Loam,656,126335,0.03624,0.9638,4.273,0.1094,4.258,1.846,55.76,0.6588,90.6,0.1145,684,692.2,684
a_16S rRNA,k_Native_Reference_1,0_10,1,2,5,area_14,CC,L379,Loam,564,126335,0.044,0.956,4.237,0.1228,4.224,1.587,47.93,0.6689,76.05,0.162,576.7,580.8,577.9
a_16S rRNA,k_Native_Reference_1,0_10,1,2,2,area_14,DD,L391,Loam,636,126335,0.04439,0.9556,4.183,0.1031,4.168,1.789,54.06,0.648,87.4,0.1587,673.1,683.9,665.7
a_16S rRNA,k_Native_Reference_1,0_10,1,2,3,area_14,DD,L392,Loam,675,126335,0.03312,0.9669,4.381,0.1184,4.366,1.899,57.38,0.6725,93.65,0.1165,697.6,702.7,699.9
a_16S rRNA,k_Native_Reference_1,0_10,1,2,4,area_14,DD,L393,Loam,629,126335,0.04716,0.9528,4.244,0.1108,4.23,1.77,53.46,0.6586,86.29,0.175,652.1,657.7,655.9
a_16S rRNA,k_Native_Reference_1,0_10,1,2,5,area_14,DD,L394,Loam,656,126335,0.0403,0.9597,4.31,0.1135,4.295,1.846,55.76,0.6645,90.6,0.1449,675.3,680.3,679
a_16S rRNA,j_Native_Reference_2,0_10,1,2,2,area_15,EE,L226,Clay,449,126335,0.0277,0.9723,4.359,0.1741,4.348,1.263,38.14,0.7137,58.47,0.08389,454.2,454.6,456.7
a_16S rRNA,j_Native_Reference_2,0_10,1,2,3,area_15,EE,L227,Clay,426,126335,0.03536,0.9646,4.155,0.1497,4.145,1.199,36.18,0.6863,55.05,0.1047,442.5,447.3,443.7
a_16S rRNA,j_Native_Reference_2,0_10,1,2,4,area_15,EE,L228,Clay,408,126335,0.03946,0.9605,4.068,0.1432,4.058,1.148,34.65,0.6767,52.39,0.1114,417,420.5,415.6
a_16S rRNA,j_Native_Reference_2,0_10,1,2,5,area_15,EE,L229,Clay,506,126335,0.03452,0.9655,4.304,0.1463,4.292,1.424,42.99,0.6913,67.1,0.1143,540.7,552.2,528.1
a_16S rRNA,j_Native_Reference_2,0_10,1,2,2,area_15,FF,L241,Clay,521,126335,0.03946,0.9605,4.207,0.1289,4.194,1.466,44.27,0.6725,69.4,0.1336,534.5,539.3,531.1
a_16S rRNA,j_Native_Reference_2,0_10,1,2,3,area_15,FF,L242,Clay,537,126335,0.04488,0.9551,4.122,0.1149,4.11,1.511,45.63,0.6558,71.86,0.1498,559.8,566.5,557.4
a_16S rRNA,j_Native_Reference_2,0_10,1,2,4,area_15,FF,L243,Clay,537,126335,0.03674,0.9633,4.287,0.1354,4.274,1.511,45.63,0.6819,71.86,0.1231,559.6,566.6,559.3
a_16S rRNA,j_Native_Reference_2,0_10,1,2,5,area_15,FF,L244,Clay,539,126335,0.03897,0.961,4.179,0.1211,4.166,1.516,45.8,0.6644,72.17,0.1287,554.4,555.2,555.2
a_16S rRNA,j_Native_Reference_2,0_10,1,2,1,area_15,GG,L255,Clay,445,126335,0.0474,0.9526,3.919,0.1131,3.908,1.252,37.8,0.6426,57.88,0.1419,464.6,470.8,463.5
a_16S rRNA,j_Native_Reference_2,0_10,1,2,4,area_15,GG,L258,Clay,448,126335,0.03791,0.9621,4.152,0.1419,4.141,1.26,38.05,0.6801,58.32,0.1188,465.9,471.8,461.5
a_16S rRNA,j_Native_Reference_2,0_10,1,2,5,area_15,GG,L259,Clay,433,126335,0.03426,0.9657,4.152,0.1468,4.142,1.218,36.78,0.684,56.09,0.08773,447,451,446.5
b_ITS,a_Sugarcane,0_10,1,1,1,area_1,A,L405,Clay,197,250000,0.677,0.323,0.831,0.012,0.83,0.394,15.77,0.157,20.99,0.814,264.5,276.7,250.5
b_ITS,a_Sugarcane,0_10,1,1,2,area_1,A,L406,Clay,233,250000,0.582,0.418,1.211,0.014,1.209,0.466,18.67,0.222,25.33,0.758,270,280,271.5
b_ITS,a_Sugarcane,0_10,1,1,3,area_1,A,L407,Clay,257,250000,0.506,0.494,1.337,0.015,1.335,0.514,20.6,0.241,28.28,0.696,358.1,381.5,355.3
b_ITS,a_Sugarcane,0_10,1,1,4,area_1,A,L408,Clay,197,250000,0.441,0.559,1.4,0.021,1.398,0.394,15.77,0.265,20.99,0.632,238.8,250.1,245.2
b_ITS,a_Sugarcane,0_10,1,1,5,area_1,A,L409,Clay,218,250000,0.429,0.571,1.488,0.02,1.485,0.436,17.46,0.276,23.51,0.631,299.7,321.7,267.6
b_ITS,a_Sugarcane,0_10,1,1,1,area_1,B,L420,Clay,237,250000,0.359,0.641,1.884,0.028,1.881,0.474,18.99,0.345,25.82,0.581,290.7,305.3,282.8
b_ITS,a_Sugarcane,0_10,1,1,2,area_1,B,L421,Clay,243,250000,0.355,0.645,1.86,0.026,1.857,0.486,19.47,0.339,26.56,0.578,311.9,331.5,297
b_ITS,a_Sugarcane,0_10,1,1,3,area_1,B,L422,Clay,220,250000,0.515,0.485,1.332,0.017,1.33,0.44,17.62,0.247,23.75,0.702,294.2,308.1,282.7
b_ITS,a_Sugarcane,0_10,1,1,4,area_1,B,L423,Clay,232,250000,0.356,0.644,1.54,0.02,1.537,0.464,18.59,0.283,25.21,0.463,264.8,275,277.3
b_ITS,a_Sugarcane,0_10,1,1,5,area_1,B,L424,Clay,218,250000,0.424,0.576,1.558,0.022,1.556,0.436,17.46,0.289,23.51,0.631,261.1,275,258.7
b_ITS,a_Sugarcane,0_10,1,1,1,area_2,C,L435,Clay,214,250000,0.489,0.511,1.318,0.017,1.316,0.428,17.14,0.246,23.03,0.674,302.7,323.3,283.5
b_ITS,a_Sugarcane,0_10,1,1,2,area_2,C,L436,Clay Loam,247,250000,0.246,0.754,2.092,0.033,2.089,0.494,19.79,0.38,27.05,0.354,296.1,310.6,300.8
b_ITS,a_Sugarcane,0_10,1,1,3,area_2,C,L437,Clay Loam,229,250000,0.345,0.655,1.731,0.025,1.728,0.458,18.34,0.319,24.85,0.543,306,327.9,307.7
b_ITS,a_Sugarcane,0_10,1,1,4,area_2,C,L438,Clay,280,250000,0.251,0.749,2.143,0.03,2.14,0.56,22.45,0.38,31.14,0.382,319.8,330.7,315.6
b_ITS,a_Sugarcane,0_10,1,1,5,area_2,C,L439,Clay,239,250000,0.333,0.667,1.701,0.023,1.698,0.478,19.15,0.311,26.07,0.439,300.9,316.9,298.9
b_ITS,b_Pasture,0_10,2,2,1,area_3,D,L450,Clay Loam,266,250000,0.075,0.925,3.201,0.092,3.197,0.532,21.32,0.573,29.4,0.168,297.5,308,301.5
b_ITS,b_Pasture,0_10,2,2,2,area_3,D,L451,Clay Loam,282,250000,0.083,0.917,3.247,0.091,3.244,0.564,22.61,0.576,31.39,0.209,335.7,348.6,324.6
b_ITS,b_Pasture,0_10,2,2,3,area_3,D,L452,Clay,262,250000,0.328,0.672,2.1,0.031,2.097,0.524,21,0.377,28.9,0.555,336.2,354.1,321.7
b_ITS,b_Pasture,0_10,2,2,4,area_3,D,L453,Clay,246,250000,0.238,0.762,2.146,0.035,2.143,0.492,19.71,0.39,26.93,0.415,279.8,290.8,286.4
b_ITS,b_Pasture,0_10,2,2,5,area_3,D,L454,Clay,313,250000,0.054,0.946,3.517,0.108,3.513,0.626,25.1,0.612,35.31,0.127,359.2,372.5,358.9
b_ITS,b_Pasture,0_10,2,2,1,area_3,E,L465,Sandy Clay Loam,281,250000,0.058,0.942,3.545,0.123,3.541,0.562,22.53,0.629,31.27,0.184,391.2,424.3,366.4
b_ITS,b_Pasture,0_10,2,2,2,area_3,E,L466,Clay,296,250000,0.082,0.918,3.134,0.078,3.131,0.592,23.73,0.551,33.15,0.184,326,334.6,333.5
b_ITS,b_Pasture,0_10,2,2,3,area_3,E,L467,Sandy Clay Loam,295,250000,0.095,0.905,2.973,0.066,2.969,0.59,23.65,0.523,33.03,0.178,342.7,357.2,346.3
b_ITS,b_Pasture,0_10,2,2,4,area_3,E,L468,Clay Loam,261,250000,0.104,0.896,3.023,0.079,3.02,0.522,20.92,0.543,28.78,0.235,300.4,309.9,288.4
b_ITS,b_Pasture,0_10,2,2,5,area_3,E,L469,Clay Loam,240,250000,0.581,0.419,1.333,0.016,1.33,0.48,19.23,0.243,26.19,0.76,310.4,332.9,311
b_ITS,b_Pasture,0_10,2,2,1,area_3,F,L480,Clay,305,250000,0.083,0.917,3.235,0.083,3.231,0.61,24.46,0.566,34.29,0.201,341.1,350.6,336.6
b_ITS,b_Pasture,0_10,2,2,2,area_3,F,L481,Clay,337,250000,0.069,0.931,3.464,0.095,3.46,0.674,27.03,0.595,38.37,0.199,400.1,417.1,377.2
b_ITS,b_Pasture,0_10,2,2,3,area_3,F,L482,Clay,290,250000,0.054,0.946,3.593,0.125,3.589,0.58,23.25,0.634,32.4,0.139,344.5,362.3,341.6
b_ITS,b_Pasture,0_10,2,2,4,area_3,F,L483,Clay,307,250000,0.09,0.91,3.002,0.066,2.999,0.614,24.62,0.524,34.54,0.206,339.8,349.4,344
b_ITS,b_Pasture,0_10,2,2,5,area_3,F,L484,Clay,259,250000,0.35,0.65,1.956,0.027,1.953,0.518,20.76,0.352,28.53,0.568,323.5,345,305.8
b_ITS,c_Active_< 8,0_10,1,1,1,area_4,G,L001,Clay,348,250000,0.111,0.889,3.108,0.064,3.104,0.696,27.92,0.531,39.79,0.28,376.5,384.8,373.6
b_ITS,c_Active_< 8,0_10,1,1,2,area_4,G,L002,Clay,383,250000,0.19,0.81,2.756,0.041,2.751,0.766,30.73,0.463,44.34,0.389,420.6,430.7,417.6
b_ITS,c_Active_< 8,0_10,1,1,3,area_4,G,L003,Clay,297,250000,0.133,0.867,2.802,0.055,2.798,0.594,23.81,0.492,33.28,0.254,322.1,329.7,319.3
b_ITS,c_Active_< 8,0_10,1,1,4,area_4,G,L495,Clay,325,250000,0.06,0.94,3.553,0.107,3.549,0.65,26.07,0.614,36.84,0.143,419.2,447.2,383.5
b_ITS,c_Active_< 8,0_10,1,1,5,area_4,G,L004,Clay,361,250000,0.051,0.949,3.702,0.112,3.697,0.722,28.96,0.629,41.47,0.139,394.2,403.1,385
b_ITS,c_Active_< 8,0_10,1,1,1,area_4,H,L015,Clay,288,250000,0.199,0.801,2.446,0.04,2.443,0.576,23.09,0.432,32.15,0.354,312.8,320.8,313.1
b_ITS,c_Active_< 8,0_10,1,1,2,area_4,H,L016,Clay,256,250000,0.521,0.48,1.457,0.017,1.454,0.512,20.52,0.263,28.16,0.716,308.6,321.4,289.8
b_ITS,c_Active_< 8,0_10,1,1,3,area_4,H,L017,Clay,323,250000,0.067,0.933,3.426,0.095,3.422,0.646,25.91,0.593,36.58,0.134,365,380.5,348
b_ITS,c_Active_< 8,0_10,1,1,4,area_4,H,L018,Clay,317,250000,0.089,0.911,3.323,0.088,3.319,0.634,25.42,0.577,35.82,0.237,340.6,348,334.7
b_ITS,c_Active_< 8,0_10,1,1,5,area_4,H,L019,Clay,330,250000,0.193,0.807,2.642,0.043,2.638,0.66,26.47,0.456,37.48,0.4,359.3,367.5,354.9
b_ITS,c_Active_< 8,0_10,1,1,1,area_4,I,L030,Clay,284,250000,0.33,0.67,2.122,0.029,2.119,0.568,22.77,0.376,31.64,0.56,306.2,314.5,300.4
b_ITS,c_Active_< 8,0_10,1,1,2,area_4,I,L031,Clay,224,250000,0.137,0.863,2.599,0.06,2.597,0.448,17.94,0.48,24.24,0.28,259.2,272,251.8
b_ITS,c_Active_< 8,0_10,1,1,3,area_4,I,L032,Clay,292,250000,0.197,0.803,2.706,0.051,2.703,0.584,23.41,0.477,32.65,0.423,316.2,318.5,310.4
b_ITS,c_Active_< 8,0_10,1,1,4,area_4,I,L033,Clay,275,250000,0.272,0.728,2.126,0.03,2.123,0.55,22.04,0.379,30.52,0.387,297.2,305.6,291.5
b_ITS,c_Active_< 8,0_10,1,1,5,area_4,I,L034,Clay,276,250000,0.268,0.732,2.343,0.038,2.34,0.552,22.13,0.417,30.64,0.499,342.4,363.4,294.8
b_ITS,d_Active_8_16,0_10,1,1,1,area_5,J,L045,Clay Loam,353,250000,0.068,0.932,3.383,0.083,3.378,0.706,28.32,0.577,40.44,0.148,390,400,379.9
b_ITS,d_Active_8_16,0_10,1,1,2,area_5,J,L046,Clay,293,250000,0.175,0.825,2.664,0.049,2.661,0.586,23.49,0.469,32.78,0.358,326,334.7,313.1
b_ITS,d_Active_8_16,0_10,1,1,3,area_5,J,L047,Clay Loam,321,250000,0.087,0.913,3.135,0.072,3.131,0.642,25.75,0.543,36.33,0.201,342,347.8,336.1
b_ITS,d_Active_8_16,0_10,1,1,4,area_5,J,L048,Clay Loam,348,250000,0.161,0.839,2.824,0.048,2.82,0.696,27.92,0.483,39.79,0.349,375.9,385,375.3
b_ITS,d_Active_8_16,0_10,1,1,5,area_5,J,L049,Clay,330,250000,0.105,0.896,3.178,0.073,3.174,0.66,26.47,0.548,37.48,0.267,369,382.1,364.6
b_ITS,d_Active_8_16,0_10,1,1,1,area_6,K,L060,Clay,309,250000,0.364,0.636,2.046,0.025,2.043,0.618,24.78,0.357,34.8,0.593,324,328.4,324.9
b_ITS,d_Active_8_16,0_10,1,1,2,area_6,K,L061,Clay,317,250000,0.307,0.693,2.27,0.031,2.266,0.634,25.42,0.394,35.82,0.541,341.8,349.3,336
b_ITS,d_Active_8_16,0_10,1,1,3,area_6,K,L062,Clay,271,250000,0.352,0.648,1.893,0.025,1.89,0.542,21.72,0.338,30.02,0.562,293.9,302.2,289.9
b_ITS,d_Active_8_16,0_10,1,1,4,area_6,K,L063,Clay,285,250000,0.548,0.452,1.456,0.015,1.453,0.57,22.85,0.258,31.77,0.738,330.9,344.8,339.7
b_ITS,d_Active_8_16,0_10,1,1,5,area_6,K,L064,Clay,301,250000,0.296,0.704,2.458,0.039,2.455,0.602,24.14,0.431,33.78,0.535,356.1,374.7,324.1
b_ITS,d_Active_8_16,0_10,1,1,1,area_6,L,L075,Clay,327,250000,0.218,0.782,2.417,0.034,2.414,0.654,26.23,0.418,37.09,0.42,354.4,362.2,355.4
b_ITS,d_Active_8_16,0_10,1,1,2,area_6,L,L076,Clay,322,250000,0.227,0.773,2.452,0.036,2.448,0.644,25.83,0.425,36.45,0.442,339,344.2,345.8
b_ITS,d_Active_8_16,0_10,1,1,3,area_6,L,L077,Clay,267,250000,0.623,0.377,1.133,0.012,1.13,0.534,21.4,0.203,29.52,0.785,318.8,335,326
b_ITS,d_Active_8_16,0_10,1,1,4,area_6,L,L078,Clay,322,250000,0.173,0.827,2.712,0.047,2.709,0.644,25.83,0.47,36.45,0.365,361.3,370,353
b_ITS,d_Active_8_16,0_10,1,1,5,area_6,L,L079,Clay,316,250000,0.241,0.759,2.556,0.041,2.552,0.632,25.34,0.444,35.69,0.477,351,363.2,337.4
b_ITS,e_Active_>16,0_10,1,1,1,area_7,M,L090,Sandy Clay Loam,279,250000,0.141,0.859,2.737,0.055,2.734,0.558,22.37,0.486,31.02,0.287,296.2,299.7,297.4
b_ITS,e_Active_>16,0_10,1,1,2,area_7,M,L091,Sandy Clay Loam,275,250000,0.091,0.909,3.24,0.093,3.236,0.55,22.04,0.577,30.52,0.243,306.1,312,296.8
b_ITS,e_Active_>16,0_10,1,1,3,area_7,M,L092,Sandy Clay Loam,286,250000,0.061,0.939,3.372,0.102,3.369,0.572,22.93,0.596,31.9,0.136,309.2,317.5,310
b_ITS,e_Active_>16,0_10,1,1,4,area_7,M,L093,Sandy Clay Loam,292,250000,0.127,0.874,2.887,0.061,2.883,0.584,23.41,0.509,32.65,0.245,307.8,312.5,306.9
b_ITS,e_Active_>16,0_10,1,1,5,area_7,M,L094,Sandy Loam,282,250000,0.122,0.878,2.855,0.062,2.852,0.564,22.61,0.506,31.39,0.22,315.2,326.9,310.4
b_ITS,e_Active_>16,0_10,1,1,1,area_8,N,L105,Clay,302,250000,0.171,0.829,2.749,0.052,2.745,0.604,24.22,0.481,33.91,0.365,329.4,339,321.1
b_ITS,e_Active_>16,0_10,1,1,2,area_8,N,L106,Clay,309,250000,0.083,0.918,3.192,0.079,3.188,0.618,24.78,0.557,34.8,0.217,336.4,345.3,336.6
b_ITS,e_Active_>16,0_10,1,1,3,area_8,N,L107,Clay,305,250000,0.051,0.949,3.494,0.108,3.49,0.61,24.46,0.611,34.29,0.13,328.6,337,326.2
b_ITS,e_Active_>16,0_10,1,1,4,area_8,N,L108,Clay,294,250000,0.095,0.906,3.058,0.072,3.055,0.588,23.57,0.538,32.9,0.216,326.2,335.6,321.7
b_ITS,e_Active_>16,0_10,1,1,5,area_8,N,L109,Clay,250,250000,0.407,0.594,1.756,0.023,1.753,0.5,20.03,0.318,27.42,0.627,348.4,374.6,294.8
b_ITS,e_Active_>16,0_10,1,1,1,area_8,O,L120,Clay,235,250000,0.073,0.927,3.128,0.097,3.125,0.47,18.83,0.573,25.58,0.166,252.1,258.4,246.2
b_ITS,e_Active_>16,0_10,1,1,2,area_8,O,L121,Clay,277,250000,0.156,0.844,2.665,0.052,2.661,0.554,22.21,0.474,30.77,0.346,294.9,301,297.2
b_ITS,e_Active_>16,0_10,1,1,3,area_8,O,L122,Clay Loam,305,250000,0.165,0.835,2.596,0.044,2.593,0.61,24.46,0.454,34.29,0.36,348,361.6,333.7
b_ITS,e_Active_>16,0_10,1,1,4,area_8,O,L123,Clay,281,250000,0.134,0.867,2.773,0.057,2.77,0.562,22.53,0.492,31.27,0.277,304.3,311.8,305.6
b_ITS,e_Active_>16,0_10,1,1,5,area_8,O,L124,Clay Loam,259,250000,0.067,0.933,3.173,0.092,3.17,0.518,20.76,0.571,28.53,0.163,278.8,284.2,278.5
b_ITS,f_Assisted_< 8,0_10,2,2,1,area_9,P,L135,Clay Loam,339,250000,0.132,0.869,3.152,0.069,3.148,0.678,27.19,0.541,38.63,0.332,386,401.1,381.9
b_ITS,f_Assisted_< 8,0_10,2,2,2,area_9,P,L136,Clay Loam,367,250000,0.052,0.948,3.596,0.099,3.591,0.734,29.45,0.609,42.25,0.123,394,402.9,393.2
b_ITS,f_Assisted_< 8,0_10,2,2,3,area_9,P,L137,Clay Loam,219,250000,0.288,0.712,1.879,0.03,1.877,0.438,17.54,0.349,23.63,0.436,244.5,251.5,243.9
b_ITS,f_Assisted_< 8,0_10,2,2,4,area_9,P,L138,Sandy Clay Loam,313,250000,0.077,0.923,3.27,0.084,3.266,0.626,25.1,0.569,35.31,0.193,340.6,348.3,331.1
b_ITS,f_Assisted_< 8,0_10,2,2,5,area_9,P,L139,Clay Loam,272,250000,0.267,0.733,2.08,0.029,2.077,0.544,21.8,0.371,30.14,0.369,307.7,319.1,309.4
b_ITS,f_Assisted_< 8,0_10,2,2,1,area_9,Q,L150,Clay Loam,269,250000,0.174,0.826,2.668,0.054,2.665,0.538,21.56,0.477,29.77,0.374,332.1,346.9,297.8
b_ITS,f_Assisted_< 8,0_10,2,2,2,area_9,Q,L151,Clay Loam,285,250000,0.112,0.888,2.911,0.065,2.908,0.57,22.85,0.515,31.77,0.248,310.9,319.6,307.6
b_ITS,f_Assisted_< 8,0_10,2,2,3,area_9,Q,L152,Clay Loam,297,250000,0.069,0.931,3.325,0.094,3.322,0.594,23.81,0.584,33.28,0.16,310.6,315,311.5
b_ITS,f_Assisted_< 8,0_10,2,2,4,area_9,Q,L153,Clay Loam,272,250000,0.253,0.747,2.343,0.038,2.34,0.544,21.8,0.418,30.14,0.478,325,335.6,320.1
b_ITS,f_Assisted_< 8,0_10,2,2,5,area_9,Q,L154,Loam,310,250000,0.099,0.901,3.195,0.079,3.191,0.62,24.86,0.557,34.93,0.249,330.3,337.7,329.1
b_ITS,f_Assisted_< 8,0_10,2,2,1,area_9,R,L165,Loam,244,250000,0.106,0.894,3.031,0.085,3.028,0.488,19.55,0.551,26.68,0.217,267.1,276.1,259.5
b_ITS,f_Assisted_< 8,0_10,2,2,2,area_9,R,L166,Loam,242,250000,0.134,0.866,2.709,0.062,2.706,0.484,19.39,0.494,26.43,0.282,277.1,289.3,270.5
b_ITS,f_Assisted_< 8,0_10,2,2,3,area_9,R,L167,Loam,257,250000,0.347,0.653,1.916,0.026,1.913,0.514,20.6,0.345,28.28,0.564,285,293.1,280.9
b_ITS,f_Assisted_< 8,0_10,2,2,4,area_9,R,L168,Clay Loam,275,250000,0.083,0.917,3.174,0.087,3.171,0.55,22.04,0.565,30.52,0.23,293.7,300.9,289.9
b_ITS,f_Assisted_< 8,0_10,2,2,5,area_9,R,L169,Clay Loam,260,250000,0.102,0.898,3.04,0.08,3.037,0.52,20.84,0.547,28.65,0.201,300.1,312.2,286.2
b_ITS,g_Assisted_8_16,0_10,2,2,1,area_10,S,L180,Clay Loam,320,250000,0.362,0.638,2.206,0.028,2.202,0.64,25.67,0.383,36.2,0.596,354.4,365.9,348.6
b_ITS,g_Assisted_8_16,0_10,2,2,2,area_10,S,L181,Clay Loam,294,250000,0.139,0.861,2.808,0.056,2.805,0.588,23.57,0.494,32.9,0.317,328.7,338.3,331.1
b_ITS,g_Assisted_8_16,0_10,2,2,3,area_10,S,L182,Clay Loam,301,250000,0.047,0.953,3.734,0.139,3.73,0.602,24.14,0.654,33.78,0.13,325.2,333.5,324.4
b_ITS,g_Assisted_8_16,0_10,2,2,4,area_10,S,L183,Clay Loam,255,250000,0.065,0.935,3.332,0.11,3.328,0.51,20.44,0.601,28.03,0.146,296.3,312,283.3
b_ITS,g_Assisted_8_16,0_10,2,2,5,area_10,S,L184,Clay Loam,288,250000,0.31,0.69,2.372,0.037,2.368,0.576,23.09,0.419,32.15,0.547,304.2,310.5,301.1
b_ITS,g_Assisted_8_16,0_10,2,2,1,area_11,T,L195,Clay Loam,312,250000,0.138,0.863,2.779,0.052,2.776,0.624,25.02,0.484,35.18,0.271,336.5,345.2,331.6
b_ITS,g_Assisted_8_16,0_10,2,2,2,area_11,T,L196,Clay Loam,362,250000,0.059,0.941,3.492,0.091,3.488,0.724,29.04,0.593,41.6,0.145,424.7,438.4,402.6
b_ITS,g_Assisted_8_16,0_10,2,2,3,area_11,T,L197,Clay Loam,319,250000,0.16,0.84,2.908,0.057,2.904,0.638,25.58,0.504,36.07,0.373,350,361.7,336.5
b_ITS,g_Assisted_8_16,0_10,2,2,4,area_11,T,L198,Clay Loam,346,250000,0.084,0.916,3.34,0.082,3.335,0.692,27.76,0.571,39.53,0.213,381,390.6,369
b_ITS,g_Assisted_8_16,0_10,2,2,5,area_11,T,L199,Clay Loam,316,250000,0.082,0.918,3.26,0.082,3.256,0.632,25.34,0.566,35.69,0.225,361.6,377.2,351.3
b_ITS,g_Assisted_8_16,0_10,2,2,1,area_11,U,L210,Sandy Clay Loam,261,250000,0.127,0.873,2.805,0.063,2.801,0.522,20.92,0.504,28.78,0.277,322.7,339.3,294.2
b_ITS,g_Assisted_8_16,0_10,2,2,2,area_11,U,L211,Sandy Clay Loam,254,250000,0.161,0.839,2.409,0.044,2.406,0.508,20.36,0.435,27.91,0.287,295.2,305.6,281.9
b_ITS,g_Assisted_8_16,0_10,2,2,3,area_11,U,L212,Sandy Clay Loam,296,250000,0.082,0.918,3.18,0.081,3.177,0.592,23.73,0.559,33.15,0.177,324,332.8,320.9
b_ITS,g_Assisted_8_16,0_10,2,2,4,area_11,U,L213,Sandy Clay Loam,284,250000,0.376,0.624,1.993,0.026,1.99,0.568,22.77,0.353,31.64,0.605,319.1,331.5,311.5
b_ITS,g_Assisted_8_16,0_10,2,2,5,area_11,U,L214,Clay Loam,261,250000,0.119,0.881,2.836,0.065,2.832,0.522,20.92,0.51,28.78,0.232,328.6,353.8,304.4
b_ITS,h_Assisted_>16,0_10,2,2,1,area_12,V,L315,Clay,325,250000,0.135,0.865,3.08,0.067,3.076,0.65,26.07,0.533,36.84,0.336,354.5,363.4,348.3
b_ITS,h_Assisted_>16,0_10,2,2,2,area_12,V,L316,Clay Loam,342,250000,0.056,0.944,3.48,0.095,3.475,0.684,27.44,0.596,39.02,0.114,359.1,364.6,357.9
b_ITS,h_Assisted_>16,0_10,2,2,3,area_12,V,L317,Clay,323,250000,0.149,0.851,2.852,0.054,2.848,0.646,25.91,0.494,36.58,0.349,370.5,384.8,358.6
b_ITS,h_Assisted_>16,0_10,2,2,4,area_12,V,L318,Clay,305,250000,0.082,0.918,3.205,0.081,3.201,0.61,24.46,0.56,34.29,0.217,331.6,337.8,336.9
b_ITS,h_Assisted_>16,0_10,2,2,5,area_12,V,L319,Clay,318,250000,0.168,0.832,2.542,0.04,2.538,0.636,25.5,0.441,35.94,0.315,341.6,349.7,335.8
b_ITS,h_Assisted_>16,0_10,2,2,1,area_12,W,L330,Clay,333,250000,0.051,0.949,3.669,0.118,3.665,0.666,26.71,0.632,37.86,0.147,348.3,353.2,344.9
b_ITS,h_Assisted_>16,0_10,2,2,2,area_12,W,L331,Clay,305,250000,0.244,0.756,2.266,0.032,2.262,0.61,24.46,0.396,34.29,0.441,365.3,379.8,346.4
b_ITS,h_Assisted_>16,0_10,2,2,3,area_12,W,L332,Clay,198,250000,0.197,0.803,2.322,0.052,2.32,0.396,15.85,0.439,21.11,0.342,219.9,228.2,222.4
b_ITS,h_Assisted_>16,0_10,2,2,4,area_12,W,L333,Clay,269,250000,0.308,0.692,1.919,0.025,1.916,0.538,21.56,0.343,29.77,0.486,312.2,322.5,296.1
b_ITS,h_Assisted_>16,0_10,2,2,5,area_12,W,L334,Clay,294,250000,0.279,0.721,2.299,0.034,2.295,0.588,23.57,0.405,32.9,0.504,341,354.8,326.3
b_ITS,h_Assisted_>16,0_10,2,2,1,area_12,X,L345,Clay,342,250000,0.067,0.933,3.406,0.088,3.402,0.684,27.44,0.584,39.02,0.162,367.6,376.7,361.1
b_ITS,h_Assisted_>16,0_10,2,2,2,area_12,X,L346,Clay,311,250000,0.183,0.817,2.623,0.044,2.62,0.622,24.94,0.457,35.05,0.38,338.3,346.9,341.7
b_ITS,h_Assisted_>16,0_10,2,2,3,area_12,X,L347,Clay,326,250000,0.069,0.931,3.223,0.077,3.219,0.652,26.15,0.557,36.96,0.14,365.8,378.7,358.1
b_ITS,h_Assisted_>16,0_10,2,2,4,area_12,X,L348,Clay,273,250000,0.206,0.794,2.505,0.045,2.502,0.546,21.88,0.447,30.27,0.419,295.1,302.1,294.7
b_ITS,h_Assisted_>16,0_10,2,2,5,area_12,X,L349,Clay,254,250000,0.19,0.81,2.316,0.04,2.313,0.508,20.36,0.418,27.91,0.298,309.7,328.1,288.3
b_ITS,i_Secondary_Forest,0_10,1,2,1,area_13,Y,L270,Clay,345,250000,0.082,0.918,3.149,0.068,3.145,0.69,27.68,0.539,39.4,0.192,398.5,410.8,382.7
b_ITS,i_Secondary_Forest,0_10,1,2,2,area_13,Y,L271,Clay,298,250000,0.052,0.948,3.488,0.11,3.484,0.596,23.9,0.612,33.41,0.13,339,352.7,338.7
b_ITS,i_Secondary_Forest,0_10,1,2,3,area_13,Y,L272,Clay,335,250000,0.08,0.92,3.315,0.082,3.311,0.67,26.87,0.57,38.12,0.221,387.6,406.1,373.7
b_ITS,i_Secondary_Forest,0_10,1,2,4,area_13,Y,L273,Clay,312,250000,0.06,0.941,3.518,0.108,3.514,0.624,25.02,0.613,35.18,0.166,330.5,337.2,330.9
b_ITS,i_Secondary_Forest,0_10,1,2,5,area_13,Y,L274,Clay,282,250000,0.099,0.901,3.037,0.074,3.034,0.564,22.61,0.538,31.39,0.254,313.7,324.6,309.4
b_ITS,i_Secondary_Forest,0_10,1,2,1,area_13,Z,L285,Clay,319,250000,0.063,0.937,3.336,0.088,3.332,0.638,25.58,0.579,36.07,0.161,341.9,348.9,344.4
b_ITS,i_Secondary_Forest,0_10,1,2,2,area_13,Z,L286,Clay,312,250000,0.066,0.934,3.412,0.097,3.408,0.624,25.02,0.594,35.18,0.153,347.4,360.4,332.8
b_ITS,i_Secondary_Forest,0_10,1,2,3,area_13,Z,L287,Clay,313,250000,0.043,0.957,3.686,0.128,3.682,0.626,25.1,0.642,35.31,0.113,384.7,406.6,347.8
b_ITS,i_Secondary_Forest,0_10,1,2,4,area_13,Z,L288,Clay,323,250000,0.076,0.924,3.199,0.076,3.195,0.646,25.91,0.554,36.58,0.143,348.8,356.3,344.3
b_ITS,i_Secondary_Forest,0_10,1,2,5,area_13,Z,L289,Clay,288,250000,0.068,0.932,3.431,0.107,3.427,0.576,23.09,0.606,32.15,0.163,303.8,308.9,301
b_ITS,i_Secondary_Forest,0_10,1,2,1,area_13,AA,L300,Clay,311,250000,0.065,0.935,3.324,0.089,3.32,0.622,24.94,0.579,35.05,0.15,357.9,371.1,342.5
b_ITS,i_Secondary_Forest,0_10,1,2,2,area_13,AA,L301,Clay,276,250000,0.081,0.919,3.254,0.094,3.25,0.552,22.13,0.579,30.64,0.189,307.2,316.4,309.7
b_ITS,i_Secondary_Forest,0_10,1,2,3,area_13,AA,L302,Clay,301,250000,0.081,0.919,3.206,0.082,3.203,0.602,24.14,0.562,33.78,0.179,354.8,369.8,338.4
b_ITS,i_Secondary_Forest,0_10,1,2,4,area_13,AA,L303,Clay,274,250000,0.071,0.929,3.247,0.094,3.244,0.548,21.96,0.579,30.39,0.153,322,334.9,298.7
b_ITS,i_Secondary_Forest,0_10,1,2,5,area_13,AA,L304,Clay,334,250000,0.09,0.91,3.242,0.077,3.238,0.668,26.79,0.558,37.99,0.227,387.1,405.3,368.5
b_ITS,k_Native_Reference_1,0_10,1,2,1,area_14,BB,L360,Loam,221,250000,0.222,0.778,2.221,0.042,2.218,0.442,17.7,0.411,23.88,0.414,256.2,268.3,249.9
b_ITS,k_Native_Reference_1,0_10,1,2,2,area_14,BB,L361,Loam,286,250000,0.146,0.854,2.801,0.058,2.797,0.572,22.93,0.495,31.9,0.305,351.3,363.4,330.7
b_ITS,k_Native_Reference_1,0_10,1,2,3,area_14,BB,L362,Loam,243,250000,0.089,0.911,3.218,0.103,3.215,0.486,19.47,0.586,26.56,0.22,268.4,272.4,269.9
b_ITS,k_Native_Reference_1,0_10,1,2,4,area_14,BB,L363,Loam,267,250000,0.258,0.742,2.462,0.044,2.459,0.534,21.4,0.441,29.52,0.495,296.3,306.1,291
b_ITS,k_Native_Reference_1,0_10,1,2,5,area_14,BB,L364,Loam,303,250000,0.122,0.878,2.995,0.066,2.991,0.606,24.3,0.524,34.04,0.283,340.4,350.8,334.9
b_ITS,k_Native_Reference_1,0_10,1,2,1,area_14,CC,L375,Loam,280,250000,0.063,0.937,3.33,0.1,3.327,0.56,22.45,0.591,31.14,0.135,319.7,334.2,309.7
b_ITS,k_Native_Reference_1,0_10,1,2,2,area_14,CC,L376,Loam,284,250000,0.231,0.769,2.509,0.043,2.506,0.568,22.77,0.444,31.64,0.453,333.4,343.5,314.2
b_ITS,k_Native_Reference_1,0_10,1,2,3,area_14,CC,L377,Loam,361,250000,0.086,0.914,3.211,0.069,3.207,0.722,28.96,0.545,41.47,0.19,416.2,428.9,401.3
b_ITS,k_Native_Reference_1,0_10,1,2,4,area_14,CC,L378,Loam,300,250000,0.213,0.787,2.66,0.048,2.657,0.6,24.06,0.466,33.66,0.441,337.4,347.4,332.6
b_ITS,k_Native_Reference_1,0_10,1,2,5,area_14,CC,L379,Loam,273,250000,0.214,0.786,2.305,0.037,2.302,0.546,21.88,0.411,30.27,0.342,309.7,321.3,318.2
b_ITS,k_Native_Reference_1,0_10,1,2,2,area_14,DD,L391,Loam,307,250000,0.115,0.885,2.867,0.057,2.863,0.614,24.62,0.501,34.54,0.196,336.3,344.6,328
b_ITS,k_Native_Reference_1,0_10,1,2,3,area_14,DD,L392,Loam,338,250000,0.153,0.847,2.842,0.051,2.838,0.676,27.11,0.488,38.5,0.339,370,378,361.6
b_ITS,k_Native_Reference_1,0_10,1,2,4,area_14,DD,L393,Loam,342,250000,0.077,0.923,3.185,0.071,3.181,0.684,27.44,0.546,39.02,0.16,397,411.2,389.8
b_ITS,k_Native_Reference_1,0_10,1,2,5,area_14,DD,L394,Loam,320,250000,0.15,0.85,2.72,0.047,2.717,0.64,25.67,0.472,36.2,0.33,345.6,353.9,346.2
b_ITS,j_Native_Reference_2,0_10,1,2,1,area_15,EE,L225,Clay,215,250000,0.331,0.669,1.61,0.023,1.607,0.43,17.22,0.3,23.15,0.436,260.1,270,255
b_ITS,j_Native_Reference_2,0_10,1,2,2,area_15,EE,L226,Clay,253,250000,0.217,0.783,2.452,0.046,2.449,0.506,20.27,0.443,27.79,0.436,273.7,280.1,277.4
b_ITS,j_Native_Reference_2,0_10,1,2,3,area_15,EE,L227,Clay,233,250000,0.294,0.706,1.685,0.023,1.683,0.466,18.67,0.309,25.33,0.434,270.1,282.1,263.7
b_ITS,j_Native_Reference_2,0_10,1,2,4,area_15,EE,L228,Clay,212,250000,0.306,0.694,1.802,0.029,1.8,0.424,16.98,0.337,22.79,0.511,247.3,255.4,245.5
b_ITS,j_Native_Reference_2,0_10,1,2,5,area_15,EE,L229,Clay,243,250000,0.354,0.646,1.848,0.026,1.846,0.486,19.47,0.337,26.56,0.575,273.1,281.7,288.4
b_ITS,j_Native_Reference_2,0_10,1,2,1,area_15,FF,L240,Clay Loam,269,250000,0.089,0.911,2.987,0.074,2.984,0.538,21.56,0.534,29.77,0.161,296.9,302.5,305.6
b_ITS,j_Native_Reference_2,0_10,1,2,2,area_15,FF,L241,Clay,263,250000,0.205,0.795,2.327,0.039,2.324,0.526,21.08,0.418,29.02,0.396,273.5,276.5,280.6
b_ITS,j_Native_Reference_2,0_10,1,2,3,area_15,FF,L242,Clay,286,250000,0.208,0.792,2.427,0.04,2.424,0.572,22.93,0.429,31.9,0.408,331,342.8,322.4
b_ITS,j_Native_Reference_2,0_10,1,2,4,area_15,FF,L243,Clay,270,250000,0.268,0.732,2.121,0.031,2.118,0.54,21.64,0.379,29.89,0.482,333.4,349.6,334.7
b_ITS,j_Native_Reference_2,0_10,1,2,5,area_15,FF,L244,Clay,295,250000,0.249,0.751,2.302,0.034,2.299,0.59,23.65,0.405,33.03,0.469,326.8,334.1,337.5
b_ITS,j_Native_Reference_2,0_10,1,2,1,area_15,GG,L255,Clay,244,250000,0.205,0.795,2.13,0.034,2.127,0.488,19.55,0.387,26.68,0.373,272,281.1,267.9
b_ITS,j_Native_Reference_2,0_10,1,2,2,area_15,GG,L256,Clay,219,250000,0.424,0.576,1.677,0.024,1.675,0.438,17.54,0.311,23.63,0.641,258.1,271.1,254.5
b_ITS,j_Native_Reference_2,0_10,1,2,3,area_15,GG,L257,Clay,287,250000,0.274,0.726,2.234,0.033,2.231,0.574,23.01,0.395,32.02,0.498,313.6,321.1,313.7
b_ITS,j_Native_Reference_2,0_10,1,2,4,area_15,GG,L258,Clay,258,250000,0.222,0.778,2.083,0.031,2.08,0.516,20.68,0.375,28.41,0.366,333.3,348,311.2
b_ITS,j_Native_Reference_2,0_10,1,2,5,area_15,GG,L259,Clay,257,250000,0.402,0.598,1.678,0.021,1.675,0.514,20.6,0.302,28.28,0.617,295.9,307.3,295.3
c_18S rRNA,a_Sugarcane,0_10,1,1,1,area_1,A,L405,Clay,47,1000,0.04425,0.9557,3.429,0.6565,3.307,1.486,6.659,0.8907,10.23,0.102,47,47,47
c_18S rRNA,a_Sugarcane,0_10,1,1,2,area_1,A,L406,Clay,53,1000,0.0496,0.9504,3.444,0.5905,3.31,1.676,7.528,0.8673,11.94,0.141,53,53.17,53.24
c_18S rRNA,a_Sugarcane,0_10,1,1,3,area_1,A,L407,Clay,40,1000,0.06398,0.936,3.163,0.591,3.057,1.265,5.646,0.8574,8.343,0.174,40,40,40
c_18S rRNA,a_Sugarcane,0_10,1,1,4,area_1,A,L408,Clay,49,1000,0.04221,0.9578,3.449,0.6422,3.323,1.55,6.949,0.8862,10.79,0.086,49.5,51.22,49.57
c_18S rRNA,a_Sugarcane,0_10,1,1,5,area_1,A,L409,Clay,47,1000,0.09419,0.9058,3.075,0.4606,2.957,1.486,6.659,0.7987,10.23,0.252,47,47.61,47.2
c_18S rRNA,a_Sugarcane,0_10,1,1,1,area_1,B,L420,Clay,41,1000,0.07752,0.9225,2.942,0.4624,2.841,1.297,5.791,0.7923,8.607,0.15,41.25,41.83,41.54
c_18S rRNA,a_Sugarcane,0_10,1,1,2,area_1,B,L421,Clay,47,1000,0.05476,0.9452,3.28,0.5656,3.161,1.486,6.659,0.852,10.23,0.117,47.33,48,47.54
c_18S rRNA,a_Sugarcane,0_10,1,1,3,area_1,B,L422,Clay,44,1000,0.06585,0.9342,3.174,0.543,3.061,1.391,6.225,0.8386,9.411,0.15,44,44.3,44.24
c_18S rRNA,a_Sugarcane,0_10,1,1,4,area_1,B,L423,Clay,40,1000,0.06729,0.9327,3.166,0.5927,3.059,1.265,5.646,0.8582,8.343,0.158,40,40,40
c_18S rRNA,a_Sugarcane,0_10,1,1,5,area_1,B,L424,Clay,44,1000,0.04767,0.9523,3.36,0.6545,3.245,1.391,6.225,0.888,9.411,0.13,44,44.31,44.2
c_18S rRNA,a_Sugarcane,0_10,1,1,1,area_2,C,L435,Clay,42,1000,0.04803,0.952,3.341,0.6722,3.228,1.328,5.935,0.8937,8.873,0.107,42,42,42
c_18S rRNA,a_Sugarcane,0_10,1,1,2,area_2,C,L436,Clay Loam,53,1000,0.02954,0.9705,3.708,0.7696,3.569,1.676,7.528,0.934,11.94,0.063,53,53,53
c_18S rRNA,a_Sugarcane,0_10,1,1,3,area_2,C,L437,Clay Loam,42,1000,0.05598,0.944,3.237,0.6063,3.127,1.328,5.935,0.8661,8.873,0.137,42,42,42
c_18S rRNA,a_Sugarcane,0_10,1,1,4,area_2,C,L438,Clay,45,1000,0.0532,0.9468,3.27,0.5849,3.155,1.423,6.37,0.8591,9.684,0.112,45,45.2,45.27
c_18S rRNA,a_Sugarcane,0_10,1,1,5,area_2,C,L439,Clay,38,1000,0.05373,0.9463,3.202,0.647,3.101,1.202,5.356,0.8803,7.821,0.128,38,38.37,38.2
c_18S rRNA,b_Pasture,0_10,2,2,1,area_3,D,L450,Clay Loam,41,1000,0.0949,0.9051,2.853,0.423,2.753,1.297,5.791,0.7683,8.607,0.204,41.6,42.32,42.31
c_18S rRNA,b_Pasture,0_10,2,2,2,area_3,D,L451,Clay Loam,36,1000,0.1035,0.8965,2.778,0.447,2.687,1.138,5.067,0.7753,7.308,0.206,36,36,36
c_18S rRNA,b_Pasture,0_10,2,2,3,area_3,D,L452,Clay,31,1000,0.1002,0.8998,2.712,0.4859,2.632,0.9803,4.343,0.7898,6.065,0.211,31,31,31
c_18S rRNA,b_Pasture,0_10,2,2,4,area_3,D,L453,Clay,37,1000,0.1399,0.8601,2.599,0.3635,2.508,1.17,5.212,0.7197,7.563,0.267,37,37.25,37.25
c_18S rRNA,b_Pasture,0_10,2,2,5,area_3,D,L454,Clay,29,1000,0.1435,0.8565,2.482,0.4126,2.407,0.9171,4.053,0.7371,5.584,0.303,29,29,29.15
c_18S rRNA,b_Pasture,0_10,2,2,1,area_3,E,L465,Sandy Clay Loam,31,1000,0.07703,0.923,2.924,0.6007,2.84,0.9803,4.343,0.8516,6.065,0.156,31,31,31
c_18S rRNA,b_Pasture,0_10,2,2,2,area_3,E,L466,Clay,34,1000,0.07416,0.9258,3.011,0.5972,2.919,1.075,4.777,0.8538,6.804,0.186,34,34,34
c_18S rRNA,b_Pasture,0_10,2,2,3,area_3,E,L467,Sandy Clay Loam,60,1000,0.03712,0.9629,3.651,0.6416,3.5,1.897,8.541,0.8916,14.01,0.096,60.2,60.58,60.51
c_18S rRNA,b_Pasture,0_10,2,2,4,area_3,E,L468,Clay Loam,32,1000,0.0627,0.9373,3.05,0.6598,2.962,1.012,4.488,0.88,6.309,0.12,32,32.12,32.26
c_18S rRNA,b_Pasture,0_10,2,2,5,area_3,E,L469,Clay Loam,67,1000,0.1324,0.8676,2.966,0.2897,2.817,2.119,9.554,0.7054,16.18,0.313,69.54,70.85,71.04
c_18S rRNA,b_Pasture,0_10,2,2,1,area_3,F,L480,Clay,45,1000,0.1021,0.8979,2.878,0.3951,2.771,1.423,6.37,0.7561,9.684,0.218,49.2,52.62,50.11
c_18S rRNA,b_Pasture,0_10,2,2,2,area_3,F,L481,Clay,40,1000,0.0803,0.9197,2.989,0.4968,2.888,1.265,5.646,0.8104,8.343,0.197,41,42.75,41.1
c_18S rRNA,b_Pasture,0_10,2,2,3,area_3,F,L482,Clay,40,1000,0.1014,0.8986,2.924,0.4654,2.823,1.265,5.646,0.7927,8.343,0.266,40.5,42.44,40.68
c_18S rRNA,b_Pasture,0_10,2,2,4,area_3,F,L483,Clay,58,1000,0.0394,0.9606,3.623,0.6456,3.476,1.834,8.252,0.8922,13.41,0.107,63.99,64.74,59.2
c_18S rRNA,b_Pasture,0_10,2,2,5,area_3,F,L484,Clay,37,1000,0.1388,0.8612,2.622,0.372,2.532,1.17,5.212,0.7262,7.563,0.318,44.49,57.48,40.24
c_18S rRNA,c_Active_< 8,0_10,1,1,1,area_4,G,L001,Clay,64,1000,0.04548,0.9545,3.557,0.5479,3.404,2.024,9.12,0.8553,15.24,0.134,68.2,70.95,66.97
c_18S rRNA,c_Active_< 8,0_10,1,1,2,area_4,G,L002,Clay,70,1000,0.04658,0.9534,3.549,0.4969,3.387,2.214,9.989,0.8354,17.14,0.106,71.36,71.8,72.38
c_18S rRNA,c_Active_< 8,0_10,1,1,3,area_4,G,L003,Clay,70,1000,0.02795,0.9721,3.837,0.6628,3.668,2.214,9.989,0.9032,17.14,0.061,71.11,71.56,72.29
c_18S rRNA,c_Active_< 8,0_10,1,1,4,area_4,G,L495,Clay,63,1000,0.05578,0.9442,3.481,0.5157,3.329,1.992,8.975,0.8401,14.93,0.176,64.2,65.5,64.38
c_18S rRNA,c_Active_< 8,0_10,1,1,5,area_4,G,L004,Clay,58,1000,0.07247,0.9275,3.205,0.4251,3.07,1.834,8.252,0.7893,13.41,0.17,59.25,59.78,59.81
c_18S rRNA,c_Active_< 8,0_10,1,1,1,area_4,H,L015,Clay,52,1000,0.1818,0.8182,2.689,0.283,2.57,1.644,7.383,0.6806,11.65,0.404,56.2,59.11,55.51
c_18S rRNA,c_Active_< 8,0_10,1,1,2,area_4,H,L016,Clay,51,1000,0.06205,0.9379,3.242,0.5018,3.119,1.613,7.238,0.8246,11.36,0.171,52,52.99,52.82
c_18S rRNA,c_Active_< 8,0_10,1,1,3,area_4,H,L017,Clay,75,1000,0.0404,0.9596,3.726,0.5535,3.551,2.372,10.71,0.863,18.78,0.136,81.42,85.38,79.95
c_18S rRNA,c_Active_< 8,0_10,1,1,4,area_4,H,L018,Clay,67,1000,0.05113,0.9489,3.433,0.4624,3.28,2.119,9.554,0.8166,16.18,0.125,72,74.8,71.96
c_18S rRNA,c_Active_< 8,0_10,1,1,5,area_4,H,L019,Clay,66,1000,0.03574,0.9643,3.697,0.6108,3.537,2.087,9.41,0.8823,15.87,0.089,69,71.12,68.42
c_18S rRNA,c_Active_< 8,0_10,1,1,1,area_4,I,L030,Clay,75,1000,0.03045,0.9695,3.827,0.6124,3.65,2.372,10.71,0.8864,18.78,0.072,83.99,91.82,79.09
c_18S rRNA,c_Active_< 8,0_10,1,1,2,area_4,I,L031,Clay,49,1000,0.05157,0.9484,3.37,0.5931,3.246,1.55,6.949,0.8658,10.79,0.152,58.99,61.48,51.06
c_18S rRNA,c_Active_< 8,0_10,1,1,3,area_4,I,L032,Clay,47,1000,0.1291,0.8709,2.861,0.372,2.748,1.486,6.659,0.7431,10.23,0.325,47.5,48.11,48.01
c_18S rRNA,c_Active_< 8,0_10,1,1,4,area_4,I,L033,Clay,51,1000,0.07569,0.9243,3.103,0.4366,2.982,1.613,7.238,0.7892,11.36,0.178,55.2,57.88,54.25
c_18S rRNA,c_Active_< 8,0_10,1,1,5,area_4,I,L034,Clay,59,1000,0.0929,0.9071,3.183,0.4086,3.043,1.866,8.396,0.7805,13.71,0.246,63.2,65.12,62.8
c_18S rRNA,d_Active_8_16,0_10,1,1,1,area_5,J,L045,Clay Loam,50,1000,0.05882,0.9412,3.217,0.4991,3.096,1.581,7.093,0.8224,11.08,0.127,50.11,50.25,50.74
c_18S rRNA,d_Active_8_16,0_10,1,1,2,area_5,J,L046,Clay,35,1000,0.105,0.895,2.724,0.4354,2.638,1.107,4.922,0.7661,7.055,0.221,35.6,36.12,37.04
c_18S rRNA,d_Active_8_16,0_10,1,1,3,area_5,J,L047,Clay Loam,45,1000,0.09447,0.9055,2.983,0.4387,2.872,1.423,6.37,0.7835,9.684,0.245,45.25,45.79,45.57
c_18S rRNA,d_Active_8_16,0_10,1,1,4,area_5,J,L048,Clay Loam,59,1000,0.09234,0.9077,3.171,0.4041,3.033,1.866,8.396,0.7778,13.71,0.252,61.14,62.56,61.99
c_18S rRNA,d_Active_8_16,0_10,1,1,5,area_5,J,L049,Clay,56,1000,0.05193,0.9481,3.392,0.5305,3.257,1.771,7.962,0.8425,12.82,0.148,57.87,59.1,58.96
c_18S rRNA,d_Active_8_16,0_10,1,1,1,area_6,K,L060,Clay,36,1000,0.1575,0.8425,2.466,0.327,2.378,1.138,5.067,0.6881,7.308,0.283,36.25,36.79,36.53
c_18S rRNA,d_Active_8_16,0_10,1,1,2,area_6,K,L061,Clay,62,1000,0.05358,0.9464,3.453,0.5094,3.306,1.961,8.831,0.8366,14.62,0.168,67.99,71.71,67.33
c_18S rRNA,d_Active_8_16,0_10,1,1,3,area_6,K,L062,Clay,60,1000,0.04855,0.9514,3.475,0.5385,3.331,1.897,8.541,0.8488,14.01,0.129,65,70.85,62.21
c_18S rRNA,d_Active_8_16,0_10,1,1,4,area_6,K,L063,Clay,51,1000,0.04744,0.9526,3.373,0.5718,3.247,1.613,7.238,0.8578,11.36,0.117,52,52.6,52.72
c_18S rRNA,d_Active_8_16,0_10,1,1,5,area_6,K,L064,Clay,56,1000,0.0485,0.9515,3.438,0.556,3.302,1.771,7.962,0.8542,12.82,0.12,57.67,59.05,58.15
c_18S rRNA,d_Active_8_16,0_10,1,1,1,area_6,L,L075,Clay,53,1000,0.06839,0.9316,3.203,0.4644,3.076,1.676,7.528,0.8068,11.94,0.175,55.5,58.12,54.95
c_18S rRNA,d_Active_8_16,0_10,1,1,2,area_6,L,L076,Clay,54,1000,0.1384,0.8616,2.979,0.3642,2.85,1.708,7.673,0.7468,12.23,0.352,57.33,61.5,55.94
c_18S rRNA,d_Active_8_16,0_10,1,1,3,area_6,L,L077,Clay,34,1000,0.05867,0.9413,3.168,0.6991,3.074,1.075,4.777,0.8985,6.804,0.136,34,34,34
c_18S rRNA,d_Active_8_16,0_10,1,1,4,area_6,L,L078,Clay,60,1000,0.05527,0.9447,3.484,0.5434,3.338,1.897,8.541,0.851,14.01,0.185,60.17,60.4,60.61
c_18S rRNA,d_Active_8_16,0_10,1,1,5,area_6,L,L079,Clay,48,1000,0.08672,0.9133,3.134,0.4787,3.015,1.518,6.804,0.8097,10.51,0.253,48.25,48.83,48.6
c_18S rRNA,e_Active_>16,0_10,1,1,1,area_7,M,L090,Sandy Clay Loam,50,1000,0.1084,0.8916,3.004,0.4034,2.884,1.581,7.093,0.7679,11.08,0.287,55.24,59.94,53.88
c_18S rRNA,e_Active_>16,0_10,1,1,2,area_7,M,L091,Sandy Clay Loam,63,1000,0.05553,0.9445,3.421,0.4859,3.273,1.992,8.975,0.8258,14.93,0.134,64.11,64.62,65.19
c_18S rRNA,e_Active_>16,0_10,1,1,3,area_7,M,L092,Sandy Clay Loam,70,1000,0.04058,0.9594,3.628,0.5378,3.464,2.214,9.989,0.854,17.14,0.102,72.33,73.62,73.25
c_18S rRNA,e_Active_>16,0_10,1,1,4,area_7,M,L093,Sandy Clay Loam,61,1000,0.04001,0.96,3.56,0.5762,3.412,1.929,8.686,0.8659,14.32,0.103,62.43,63.36,63.37
c_18S rRNA,e_Active_>16,0_10,1,1,5,area_7,M,L094,Sandy Loam,51,1000,0.05779,0.9422,3.273,0.5175,3.148,1.613,7.238,0.8325,11.36,0.136,53,55.65,52.21
c_18S rRNA,e_Active_>16,0_10,1,1,1,area_8,N,L105,Clay,37,1000,0.09152,0.9085,2.904,0.493,2.809,1.17,5.212,0.8041,7.563,0.237,38.5,42.62,38.19
c_18S rRNA,e_Active_>16,0_10,1,1,2,area_8,N,L106,Clay,38,1000,0.08654,0.9135,2.891,0.4738,2.794,1.202,5.356,0.7946,7.821,0.152,38,38.04,38.23
c_18S rRNA,e_Active_>16,0_10,1,1,3,area_8,N,L107,Clay,40,1000,0.06096,0.939,3.124,0.5687,3.021,1.265,5.646,0.847,8.343,0.111,40,40,40
c_18S rRNA,e_Active_>16,0_10,1,1,4,area_8,N,L108,Clay,34,1000,0.0711,0.9289,2.928,0.5497,2.84,1.075,4.777,0.8303,6.804,0.138,34,34,34
c_18S rRNA,e_Active_>16,0_10,1,1,5,area_8,N,L109,Clay,43,1000,0.048,0.952,3.279,0.6177,3.17,1.36,6.08,0.8719,9.141,0.095,43.2,43.5,43.9
c_18S rRNA,e_Active_>16,0_10,1,1,1,area_8,O,L120,Clay,39,1000,0.07726,0.9227,2.957,0.4934,2.86,1.233,5.501,0.8072,8.081,0.161,39.17,39.4,39.96
c_18S rRNA,e_Active_>16,0_10,1,1,2,area_8,O,L121,Clay,40,1000,0.1153,0.8847,2.686,0.367,2.591,1.265,5.646,0.7282,8.343,0.242,41.5,43.17,41.48
c_18S rRNA,e_Active_>16,0_10,1,1,3,area_8,O,L122,Clay Loam,34,1000,0.08355,0.9165,2.876,0.5221,2.789,1.075,4.777,0.8157,6.804,0.173,34.25,34.79,34.88
c_18S rRNA,e_Active_>16,0_10,1,1,4,area_8,O,L123,Clay,45,1000,0.07803,0.922,3.041,0.4649,2.93,1.423,6.37,0.7988,9.684,0.201,45,45.08,45.27
c_18S rRNA,e_Active_>16,0_10,1,1,5,area_8,O,L124,Clay Loam,42,1000,0.2023,0.7977,2.408,0.2646,2.312,1.328,5.935,0.6443,8.873,0.402,47.24,52.19,46.16
c_18S rRNA,f_Assisted_< 8,0_10,2,2,1,area_9,P,L135,Clay Loam,43,1000,0.04755,0.9525,3.372,0.6774,3.257,1.36,6.08,0.8965,9.141,0.12,43,43,43
c_18S rRNA,f_Assisted_< 8,0_10,2,2,2,area_9,P,L136,Clay Loam,73,1000,0.03569,0.9643,3.678,0.5418,3.51,2.308,10.42,0.8572,18.12,0.073,78.99,81.5,81.19
c_18S rRNA,f_Assisted_< 8,0_10,2,2,3,area_9,P,L137,Clay Loam,51,1000,0.162,0.838,2.603,0.2647,2.489,1.613,7.238,0.662,11.36,0.312,54.5,57.02,54.25
c_18S rRNA,f_Assisted_< 8,0_10,2,2,4,area_9,P,L138,Sandy Clay Loam,63,1000,0.04692,0.9531,3.5,0.5255,3.349,1.992,8.975,0.8447,14.93,0.102,63.3,63.5,64.13
c_18S rRNA,f_Assisted_< 8,0_10,2,2,5,area_9,P,L139,Clay Loam,69,1000,0.05274,0.9473,3.49,0.4751,3.33,2.182,9.844,0.8242,16.82,0.142,72.11,73.8,72.45
c_18S rRNA,f_Assisted_< 8,0_10,2,2,1,area_9,Q,L150,Clay Loam,57,1000,0.08719,0.9128,3.072,0.3785,2.94,1.802,8.107,0.7597,13.11,0.22,58.11,58.56,59.03
c_18S rRNA,f_Assisted_< 8,0_10,2,2,2,area_9,Q,L151,Clay Loam,56,1000,0.1201,0.8799,3.033,0.3706,2.901,1.771,7.962,0.7534,12.82,0.317,59,61.21,58.48
c_18S rRNA,f_Assisted_< 8,0_10,2,2,3,area_9,Q,L152,Clay Loam,62,1000,0.07623,0.9238,3.353,0.461,3.205,1.961,8.831,0.8124,14.62,0.238,65,67.49,64.4
c_18S rRNA,f_Assisted_< 8,0_10,2,2,4,area_9,Q,L153,Clay Loam,51,1000,0.1299,0.8701,2.933,0.3683,2.811,1.613,7.238,0.746,11.36,0.332,54,60.49,52.38
c_18S rRNA,f_Assisted_< 8,0_10,2,2,5,area_9,Q,L154,Loam,50,1000,0.06003,0.94,3.19,0.486,3.071,1.581,7.093,0.8155,11.08,0.139,52.14,53,53.38
c_18S rRNA,f_Assisted_< 8,0_10,2,2,1,area_9,R,L165,Loam,56,1000,0.07449,0.9255,3.197,0.4366,3.066,1.771,7.962,0.7941,12.82,0.211,61.62,63.87,62.91
c_18S rRNA,f_Assisted_< 8,0_10,2,2,2,area_9,R,L166,Loam,50,1000,0.05731,0.9427,3.261,0.5217,3.14,1.581,7.093,0.8337,11.08,0.165,52.5,54.47,53.13
c_18S rRNA,f_Assisted_< 8,0_10,2,2,3,area_9,R,L167,Loam,46,1000,0.0987,0.9013,2.931,0.4076,2.82,1.455,6.514,0.7656,9.958,0.205,46.6,47.12,47.38
c_18S rRNA,f_Assisted_< 8,0_10,2,2,4,area_9,R,L168,Clay Loam,49,1000,0.08648,0.9135,3.212,0.5068,3.088,1.55,6.949,0.8254,10.79,0.257,49.33,50.25,49.57
c_18S rRNA,f_Assisted_< 8,0_10,2,2,5,area_9,R,L169,Clay Loam,43,1000,0.07957,0.9204,3.096,0.5143,2.987,1.36,6.08,0.8232,9.141,0.219,43,43.25,43.29
c_18S rRNA,g_Assisted_8_16,0_10,2,2,1,area_10,S,L180,Clay Loam,67,1000,0.05105,0.9489,3.504,0.496,3.347,2.119,9.554,0.8333,16.18,0.139,68.36,68.8,70.34
c_18S rRNA,g_Assisted_8_16,0_10,2,2,2,area_10,S,L181,Clay Loam,43,1000,0.06884,0.9312,3.124,0.5287,3.016,1.36,6.08,0.8305,9.141,0.186,46.33,50.25,46.29
c_18S rRNA,g_Assisted_8_16,0_10,2,2,3,area_10,S,L182,Clay Loam,42,1000,0.07118,0.9288,3.06,0.508,2.956,1.328,5.935,0.8188,8.873,0.16,43,44.8,43.04
c_18S rRNA,g_Assisted_8_16,0_10,2,2,4,area_10,S,L183,Clay Loam,28,1000,0.0971,0.9029,2.671,0.5164,2.598,0.8854,3.909,0.8017,5.347,0.163,28.33,29.25,29
c_18S rRNA,g_Assisted_8_16,0_10,2,2,5,area_10,S,L184,Clay Loam,37,1000,0.07367,0.9263,2.922,0.5023,2.83,1.17,5.212,0.8093,7.563,0.135,38,39.81,38.11
c_18S rRNA,g_Assisted_8_16,0_10,2,2,1,area_11,T,L195,Clay Loam,34,1000,0.1649,0.8351,2.465,0.3461,2.382,1.075,4.777,0.6991,6.804,0.339,34.25,34.77,34.66
c_18S rRNA,g_Assisted_8_16,0_10,2,2,2,area_11,T,L196,Clay Loam,46,1000,0.05669,0.9433,3.223,0.5459,3.109,1.455,6.514,0.8419,9.958,0.127,48.5,50.83,48.57
c_18S rRNA,g_Assisted_8_16,0_10,2,2,3,area_11,T,L197,Clay Loam,36,1000,0.09016,0.9098,2.787,0.4508,2.698,1.138,5.067,0.7777,7.308,0.186,36.25,36.67,36.65
c_18S rRNA,g_Assisted_8_16,0_10,2,2,4,area_11,T,L198,Clay Loam,47,1000,0.06974,0.9303,3.075,0.4608,2.962,1.486,6.659,0.7988,10.23,0.138,52,56.8,49.83
c_18S rRNA,g_Assisted_8_16,0_10,2,2,5,area_11,T,L199,Clay Loam,33,1000,0.153,0.847,2.535,0.3821,2.451,1.044,4.632,0.7249,6.555,0.327,33,33.17,33.21
c_18S rRNA,g_Assisted_8_16,0_10,2,2,1,area_11,U,L210,Sandy Clay Loam,37,1000,0.11,0.89,2.696,0.4006,2.604,1.17,5.212,0.7467,7.563,0.198,37,37.31,37.25
c_18S rRNA,g_Assisted_8_16,0_10,2,2,2,area_11,U,L211,Sandy Clay Loam,39,1000,0.07825,0.9218,3.008,0.5191,2.909,1.233,5.501,0.821,8.081,0.188,41,43.55,41.43
c_18S rRNA,g_Assisted_8_16,0_10,2,2,3,area_11,U,L212,Sandy Clay Loam,41,1000,0.05777,0.9422,3.175,0.5837,3.071,1.297,5.791,0.855,8.607,0.143,42,43.81,41.99
c_18S rRNA,g_Assisted_8_16,0_10,2,2,4,area_11,U,L213,Sandy Clay Loam,38,1000,0.09928,0.9007,2.786,0.4266,2.692,1.202,5.356,0.7658,7.821,0.205,38.25,38.83,38.66
c_18S rRNA,g_Assisted_8_16,0_10,2,2,5,area_11,U,L214,Clay Loam,31,1000,0.1256,0.8744,2.631,0.4481,2.551,0.9803,4.343,0.7662,6.065,0.293,31,31.59,31.29
c_18S rRNA,h_Assisted_>16,0_10,2,2,1,area_12,V,L315,Clay,50,1000,0.04854,0.9515,3.338,0.5634,3.215,1.581,7.093,0.8533,11.08,0.105,51.2,52,51.54
c_18S rRNA,h_Assisted_>16,0_10,2,2,2,area_12,V,L316,Clay Loam,69,1000,0.0353,0.9647,3.71,0.5922,3.547,2.182,9.844,0.8763,16.82,0.107,75.42,77.98,74.54
c_18S rRNA,h_Assisted_>16,0_10,2,2,3,area_12,V,L317,Clay,65,1000,0.04146,0.9585,3.614,0.571,3.458,2.055,9.265,0.8658,15.55,0.105,66.25,66.78,66.97
c_18S rRNA,h_Assisted_>16,0_10,2,2,4,area_12,V,L318,Clay,52,1000,0.04924,0.9508,3.386,0.5683,3.256,1.644,7.383,0.857,11.65,0.104,52.33,53,52.6
c_18S rRNA,h_Assisted_>16,0_10,2,2,5,area_12,V,L319,Clay,61,1000,0.02924,0.9708,3.755,0.7004,3.601,1.929,8.686,0.9134,14.32,0.055,61,61,61
c_18S rRNA,h_Assisted_>16,0_10,2,2,1,area_12,W,L330,Clay,62,1000,0.04187,0.9581,3.57,0.5731,3.421,1.961,8.831,0.8651,14.62,0.128,64.14,65.64,64.95
c_18S rRNA,h_Assisted_>16,0_10,2,2,2,area_12,W,L331,Clay,59,1000,0.0509,0.9491,3.374,0.4947,3.235,1.866,8.396,0.8274,13.71,0.105,63.66,66.89,63.09
c_18S rRNA,h_Assisted_>16,0_10,2,2,3,area_12,W,L332,Clay,28,1000,0.07898,0.921,2.789,0.5806,2.713,0.8854,3.909,0.8368,5.347,0.122,28,28,28
c_18S rRNA,h_Assisted_>16,0_10,2,2,4,area_12,W,L333,Clay,37,1000,0.06011,0.9399,3.086,0.5918,2.99,1.17,5.212,0.8547,7.563,0.122,37,37.31,37.27
c_18S rRNA,h_Assisted_>16,0_10,2,2,5,area_12,W,L334,Clay,59,1000,0.04712,0.9529,3.482,0.5513,3.339,1.866,8.396,0.8539,13.71,0.126,59.75,60.34,60.37
c_18S rRNA,h_Assisted_>16,0_10,2,2,1,area_12,X,L345,Clay,59,1000,0.04634,0.9537,3.489,0.5553,3.346,1.866,8.396,0.8558,13.71,0.132,61.5,64.18,61.02
c_18S rRNA,h_Assisted_>16,0_10,2,2,2,area_12,X,L346,Clay,46,1000,0.07917,0.9208,3.01,0.4413,2.899,1.455,6.514,0.7863,9.958,0.172,46,46.1,46.29
c_18S rRNA,h_Assisted_>16,0_10,2,2,3,area_12,X,L347,Clay,61,1000,0.04648,0.9535,3.492,0.5386,3.345,1.929,8.686,0.8495,14.32,0.106,61.6,62.12,61.83
c_18S rRNA,h_Assisted_>16,0_10,2,2,4,area_12,X,L348,Clay,47,1000,0.09857,0.9014,3.032,0.4413,2.916,1.486,6.659,0.7875,10.23,0.268,47,47.08,47.35
c_18S rRNA,h_Assisted_>16,0_10,2,2,5,area_12,X,L349,Clay,37,1000,0.08746,0.9125,2.858,0.471,2.765,1.17,5.212,0.7915,7.563,0.173,37.33,38.22,37.7
c_18S rRNA,i_Secondary_Forest,0_10,1,2,1,area_13,Y,L270,Clay,50,1000,0.04922,0.9508,3.377,0.5857,3.252,1.581,7.093,0.8633,11.08,0.129,55,63.35,52.16
c_18S rRNA,i_Secondary_Forest,0_10,1,2,2,area_13,Y,L271,Clay,44,1000,0.06026,0.9397,3.18,0.5466,3.068,1.391,6.225,0.8404,9.411,0.121,44,44.25,44.27
c_18S rRNA,i_Secondary_Forest,0_10,1,2,3,area_13,Y,L272,Clay,44,1000,0.07803,0.922,3.049,0.4792,2.94,1.391,6.225,0.8056,9.411,0.207,46.5,48.69,46.62
c_18S rRNA,i_Secondary_Forest,0_10,1,2,4,area_13,Y,L273,Clay,60,1000,0.07946,0.9205,3.204,0.4104,3.063,1.897,8.541,0.7825,14.01,0.189,60.37,60.64,60.94
c_18S rRNA,i_Secondary_Forest,0_10,1,2,5,area_13,Y,L274,Clay,36,1000,0.06839,0.9316,2.92,0.5148,2.83,1.138,5.067,0.8147,7.308,0.111,36.75,37.87,37.46
c_18S rRNA,i_Secondary_Forest,0_10,1,2,1,area_13,Z,L285,Clay,38,1000,0.06378,0.9362,3.014,0.5359,2.919,1.202,5.356,0.8285,7.821,0.104,38.5,38.9,39.72
c_18S rRNA,i_Secondary_Forest,0_10,1,2,2,area_13,Z,L286,Clay,55,1000,0.03805,0.9619,3.534,0.6231,3.399,1.739,7.817,0.882,12.52,0.074,58,60.59,58.96
c_18S rRNA,i_Secondary_Forest,0_10,1,2,3,area_13,Z,L287,Clay,43,1000,0.07037,0.9296,3.155,0.5452,3.043,1.36,6.08,0.8387,9.141,0.185,43,43,43
c_18S rRNA,i_Secondary_Forest,0_10,1,2,4,area_13,Z,L288,Clay,20,1000,0.1512,0.8488,2.439,0.5728,2.381,0.6325,2.751,0.814,3.542,0.346,20,20,20
c_18S rRNA,i_Secondary_Forest,0_10,1,2,5,area_13,Z,L289,Clay,53,1000,0.06249,0.9375,3.295,0.5091,3.166,1.676,7.528,0.8299,11.94,0.175,53.86,54.33,55.08
c_18S rRNA,i_Secondary_Forest,0_10,1,2,1,area_13,AA,L300,Clay,66,1000,0.02863,0.9714,3.807,0.6818,3.644,2.087,9.41,0.9086,15.87,0.067,67,67.97,67.43
c_18S rRNA,i_Secondary_Forest,0_10,1,2,2,area_13,AA,L301,Clay,48,1000,0.04098,0.959,3.463,0.6651,3.339,1.518,6.804,0.8947,10.51,0.087,48,48.5,48.22
c_18S rRNA,i_Secondary_Forest,0_10,1,2,3,area_13,AA,L302,Clay,62,1000,0.07904,0.921,3.264,0.4217,3.121,1.961,8.831,0.7908,14.62,0.219,64.77,65.71,69.32
c_18S rRNA,i_Secondary_Forest,0_10,1,2,4,area_13,AA,L303,Clay,55,1000,0.04569,0.9543,3.427,0.5598,3.293,1.739,7.817,0.8552,12.52,0.1,55.86,56.56,56.49
c_18S rRNA,i_Secondary_Forest,0_10,1,2,5,area_13,AA,L304,Clay,55,1000,0.07011,0.9299,3.289,0.4873,3.154,1.739,7.817,0.8206,12.52,0.195,55.6,56.21,55.99
c_18S rRNA,k_Native_Reference_1,0_10,1,2,1,area_14,BB,L360,Loam,27,1000,0.07412,0.9259,2.854,0.6426,2.778,0.8538,3.764,0.8658,5.112,0.149,27,27,27
c_18S rRNA,k_Native_Reference_1,0_10,1,2,2,area_14,BB,L361,Loam,36,1000,0.1167,0.8833,2.733,0.427,2.642,1.138,5.067,0.7626,7.308,0.276,36.25,36.67,36.99
c_18S rRNA,k_Native_Reference_1,0_10,1,2,3,area_14,BB,L362,Loam,32,1000,0.08775,0.9123,2.787,0.5073,2.704,1.012,4.488,0.8042,6.309,0.168,32,32.25,32.28
c_18S rRNA,k_Native_Reference_1,0_10,1,2,4,area_14,BB,L363,Loam,24,1000,0.08017,0.9198,2.753,0.6538,2.686,0.7589,3.33,0.8663,4.424,0.135,24,24,24
c_18S rRNA,k_Native_Reference_1,0_10,1,2,5,area_14,CC,L364,Loam,48,1000,0.05833,0.9417,3.232,0.5275,3.112,1.518,6.804,0.8348,10.51,0.117,51,51.93,48.84
c_18S rRNA,k_Native_Reference_1,0_10,1,2,1,area_14,CC,L375,Loam,27,1000,0.09699,0.903,2.654,0.5264,2.583,0.8538,3.764,0.8053,5.112,0.184,27,27,27
c_18S rRNA,k_Native_Reference_1,0_10,1,2,2,area_14,CC,L376,Loam,48,1000,0.09341,0.9066,2.949,0.3977,2.836,1.518,6.804,0.7618,10.51,0.216,49.67,50.25,51.58
c_18S rRNA,k_Native_Reference_1,0_10,1,2,3,area_14,CC,L377,Loam,40,1000,0.09995,0.9001,2.812,0.4159,2.714,1.265,5.646,0.7622,8.343,0.195,40.5,40.9,41.45
c_18S rRNA,k_Native_Reference_1,0_10,1,2,4,area_14,CC,L378,Loam,40,1000,0.06926,0.9307,3.093,0.5511,2.99,1.265,5.646,0.8385,8.343,0.16,40,40.17,40.24
c_18S rRNA,k_Native_Reference_1,0_10,1,2,5,area_14,DD,L379,Loam,11,1000,0.2505,0.7495,1.673,0.4843,1.642,0.3479,1.448,0.6977,1.729,0.377,11,11,11
c_18S rRNA,k_Native_Reference_1,0_10,1,2,2,area_14,DD,L391,Loam,25,1000,0.1266,0.8734,2.446,0.4616,2.38,0.7906,3.474,0.7599,4.651,0.243,25,25,25
c_18S rRNA,k_Native_Reference_1,0_10,1,2,3,area_14,DD,L392,Loam,24,1000,0.09329,0.9067,2.623,0.5742,2.558,0.7589,3.33,0.8254,4.424,0.145,24,24,24
c_18S rRNA,k_Native_Reference_1,0_10,1,2,4,area_14,DD,L393,Loam,39,1000,0.06371,0.9363,3.124,0.5831,3.023,1.233,5.501,0.8528,8.081,0.159,39,39.3,39.27
c_18S rRNA,k_Native_Reference_1,0_10,1,2,5,area_14,DD,L394,Loam,36,1000,0.113,0.887,2.671,0.4013,2.582,1.138,5.067,0.7452,7.308,0.226,36,36.62,36.22
c_18S rRNA,j_Native_Reference_2,0_10,1,2,1,area_15,EE,L225,Clay,35,1000,0.06876,0.9312,3.04,0.5972,2.946,1.107,4.922,0.855,7.055,0.161,35,35,35
c_18S rRNA,j_Native_Reference_2,0_10,1,2,2,area_15,EE,L226,Clay,31,1000,0.08282,0.9172,2.817,0.5398,2.736,0.9803,4.343,0.8205,6.065,0.146,31,31.5,31.24
c_18S rRNA,j_Native_Reference_2,0_10,1,2,3,area_15,EE,L227,Clay,33,1000,0.0973,0.9027,2.819,0.508,2.734,1.044,4.632,0.8063,6.555,0.245,36,36,34.02
c_18S rRNA,j_Native_Reference_2,0_10,1,2,4,area_15,EE,L228,Clay,15,1000,0.2114,0.7886,1.854,0.4257,1.815,0.4743,2.027,0.6846,2.503,0.326,15,15.5,15.37
c_18S rRNA,j_Native_Reference_2,0_10,1,2,5,area_15,EE,L229,Clay,41,1000,0.09463,0.9054,2.785,0.3951,2.689,1.297,5.791,0.7499,8.607,0.218,42.67,43.75,44.87
c_18S rRNA,j_Native_Reference_2,0_10,1,2,1,area_15,FF,L240,Clay Loam,26,1000,0.1305,0.8695,2.528,0.4818,2.458,0.8222,3.619,0.7759,4.88,0.277,26,26,26
c_18S rRNA,j_Native_Reference_2,0_10,1,2,2,area_15,FF,L241,Clay,28,1000,0.09571,0.9043,2.651,0.5062,2.579,0.8854,3.909,0.7957,5.347,0.181,28.5,30.28,28.81
c_18S rRNA,j_Native_Reference_2,0_10,1,2,3,area_15,FF,L242,Clay,32,1000,0.07971,0.9203,2.907,0.572,2.821,1.012,4.488,0.8388,6.309,0.177,32,32,32
c_18S rRNA,j_Native_Reference_2,0_10,1,2,4,area_15,FF,L243,Clay,35,1000,0.1232,0.8768,2.763,0.4529,2.673,1.107,4.922,0.7772,7.055,0.308,35,35,35
c_18S rRNA,j_Native_Reference_2,0_10,1,2,5,area_15,FF,L244,Clay,32,1000,0.1542,0.8458,2.494,0.3783,2.413,1.012,4.488,0.7195,6.309,0.339,32,32.3,32.21
c_18S rRNA,j_Native_Reference_2,0_10,1,2,1,area_15,GG,L255,Clay,34,1000,0.1373,0.8627,2.595,0.3939,2.51,1.075,4.777,0.7358,6.804,0.313,34.33,35,34.65
c_18S rRNA,j_Native_Reference_2,0_10,1,2,2,area_15,GG,L256,Clay,29,1000,0.1168,0.8832,2.639,0.4827,2.563,0.9171,4.053,0.7837,5.584,0.274,29,29,29
c_18S rRNA,j_Native_Reference_2,0_10,1,2,3,area_15,GG,L257,Clay,40,1000,0.05107,0.9489,3.242,0.6399,3.137,1.265,5.646,0.879,8.343,0.092,40,40.06,40.18
c_18S rRNA,j_Native_Reference_2,0_10,1,2,4,area_15,GG,L258,Clay,22,1000,0.2568,0.7432,1.868,0.2945,1.815,0.6957,3.04,0.6045,3.978,0.45,22,22,22
c_18S rRNA,j_Native_Reference_2,0_10,1,2,5,area_15,GG,L259,Clay,39,1000,0.1204,0.8796,2.763,0.4064,2.666,1.233,5.501,0.7543,8.081,0.288,39.33,40.25,39.54
